Video Card,Video Card Price,gpu_chipset,gpu_memory,gpu_core_clock,gpu_boostclock,gpu_color
NVIDIA GeForce RTX 3070 Ti 8 GB Founders Edition,178000,GeForce RTX 3070 Ti,8 GB,1575 MHz,1770 MHz,Black
Palit GeForce RTX 3090 24 GB GamingPro OC,365000,GeForce RTX 3090,24 GB,1395 MHz,1725 MHz,Black / Silver
Zotac GeForce RTX 3070 8 GB GAMING Twin Edge OC,159000,GeForce RTX 3070,8 GB,1500 MHz,1755 MHz,Black
Sapphire Radeon RX 6900 XT 16 GB Toxic Extreme Edition,356000,Radeon RX 6900 XT,16 GB,1825 MHz,2525 MHz,Black
EVGA GeForce RTX 3070 Ti 8 GB FTW3 ULTRA GAMING,178000,GeForce RTX 3070 Ti,8 GB,1575 MHz,1860 MHz,Black
MSI GeForce RTX 3070 8 GB SUPRIM,165200,GeForce RTX 3070,8 GB,1500 MHz,1845 MHz,Black / Silver
EVGA GeForce RTX 3060 12 GB XC GAMING,130000,GeForce RTX 3060,12 GB,1320 MHz,1882 MHz,Black
Sapphire Radeon RX 5500 XT 4 GB PULSE,50000,Radeon RX 5500 XT,4 GB,1607 MHz,1845 MHz,Black
PNY GeForce RTX 3070 8 GB XLR8 Gaming REVEL EPIC-X RGB,154000,GeForce RTX 3070,8 GB,1500 MHz,1725 MHz,Black / Silver
EVGA GeForce GTX 1080 Ti 11 GB FTW3 HYBRID GAMING,189200,GeForce GTX 1080 Ti,11 GB,1569 MHz,1683 MHz,Black
EVGA GeForce RTX 3080 10 GB XC3 ULTRA HYBRID GAMING,212000,GeForce RTX 3080 10GB LHR,10 GB,1440 MHz,1755 MHz,Black
Asus GeForce GTX 1070 Ti 8 GB ROG STRIX,110000,GeForce GTX 1070 Ti,8 GB,1607 MHz,1759 MHz,Black
MSI GeForce RTX 3080 Ti 12 GB GAMING X TRIO,213000,GeForce RTX 3080 Ti,12 GB,1365 MHz,1770 MHz,Black / Silver
Asus GeForce GTX 1080 Ti 11 GB STRIX GAMING,185000,GeForce GTX 1080 Ti,11 GB,1493 MHz,1632 MHz,Black
Zotac GeForce GTX 1650 SUPER 4 GB GAMING Twin Fan,66000,GeForce GTX 1650 SUPER,4 GB,1530 MHz,1725 MHz,Black
Asus GeForce GTX 1650 SUPER 4 GB TUF GAMING OC,70000,GeForce GTX 1650 SUPER,4 GB,1530 MHz,1800 MHz,Black
EVGA GeForce GTX 1650 SUPER 4 GB SC ULTRA GAMING,77000,GeForce GTX 1650 SUPER,4 GB,1530 MHz,1755 MHz,Black
MSI GeForce GTX 1650 SUPER 4 GB GAMING X,79500,GeForce GTX 1650 SUPER,4 GB,1530 MHz,1755 MHz,Black / Silver
EVGA GeForce RTX 3080 10 GB XC3 ULTRA GAMING,212000,GeForce RTX 3080 10GB LHR,10 GB,1440 MHz,1755 MHz,Black
EVGA GeForce GTX 1660 6 GB XC BLACK GAMING,79000,GeForce GTX 1660,6 GB,1530 MHz,1785 MHz,Black
Gigabyte GeForce GTX 1080 Ti 11 GB GAMING,188000,GeForce GTX 1080 Ti,11 GB,1518 MHz,1657 MHz,White / Orange
MSI GeForce RTX 2060 6 GB VENTUS XS OC,89000,GeForce RTX 2060,6 GB,1365 MHz,1710 MHz,Silver / Black
MSI GeForce RTX 2080 8 GB DUKE,159500,GeForce RTX 2080,8 GB,1515 MHz,1845 MHz,Black
EVGA GeForce RTX 3060 Ti 8 GB FTW3 ULTRA GAMING iCX3,155000,GeForce RTX 3060 Ti,8 GB,1410 MHz,1800 MHz,Black
MSI GeForce RTX 3080 10 GB VENTUS 3X OC,215000,GeForce RTX 3080 10GB,10 GB,1440 MHz,Black,305 mm
XFX Radeon RX 6600 XT 8 GB Speedster QICK 308 Black,98500,Radeon RX 6600 XT,8 GB,2188 MHz,2607 MHz,Black
MSI GeForce GTX 1060 6GB 6 GB GAMING X,70000,GeForce GTX 1060 6GB,6 GB,1506 MHz,1809 MHz,Black / Red
MSI GeForce GTX 1660 6 GB GAMING X,76000,GeForce GTX 1660,6 GB,1530 MHz,1860 MHz,Black
PowerColor Radeon RX 6700 XT 12 GB Fighter,122500,Radeon RX 6700 XT,12 GB,2321 MHz,2581 MHz,Black
EVGA GeForce RTX 2060 6 GB KO ULTRA GAMING,94000,GeForce RTX 2060,6 GB,1365 MHz,1755 MHz,Black
Gigabyte GeForce RTX 3080 Ti 12 GB EAGLE,262000,GeForce RTX 3080 Ti,12 GB,1365 MHz,1770 MHz,Black
PNY GeForce RTX 3060 Ti 8 GB XLR8 Gaming REVEL EPIC-X RGB,152000,GeForce RTX 3060 Ti,8 GB,1410 MHz,1665 MHz,Black
EVGA GeForce RTX 2080 Ti 11 GB Black,241250,GeForce RTX 2080 Ti,11 GB,1350 MHz,1545 MHz,Black / Clear
MSI GeForce RTX 3090 24 GB VENTUS 3X OC,362000,GeForce RTX 3090,24 GB,1395 MHz,Black,305 mm
NVIDIA GeForce RTX 3090 24 GB Founders Edition,365000,GeForce RTX 3090,24 GB,1395 MHz,1695 MHz,Black / Silver
EVGA GeForce RTX 3070 8 GB XC3 ULTRA GAMING,162000,GeForce RTX 3070,8 GB,1500 MHz,1770 MHz,Black / Silver
Gigabyte GeForce RTX 3080 10 GB Vision OC,210500,GeForce RTX 3080 10GB,10 GB,1440 MHz,1800 MHz,Silver / White
Asus GeForce GT 1030 2 GB Phoenix Fan OC,30000,GeForce GT 1030,2 GB,1278 MHz,1531 MHz,Black / Blue
Asus GeForce RTX 3070 Ti 8 GB TUF GAMING OC,175000,GeForce RTX 3070 Ti,8 GB,1575 MHz,1815 MHz,Black / Silver
Sapphire Radeon RX 570 4 GB PULSE,35000,Radeon RX 570,4 GB,1168 MHz,1284 MHz,Black
Asus Radeon RX 6600 XT 8 GB ROG STRIX GAMING OC,99000,Radeon RX 6600 XT,8 GB,1968 MHz,2607 MHz,Black / Gray
MSI Radeon RX 6600 XT 8 GB GAMING X,95000,Radeon RX 6600 XT,8 GB,1968 MHz,2607 MHz,Black / Silver
Asus GeForce GTX 980 Ti 6 GB STRIX,50000,GeForce GTX 980 Ti,6 GB,1216 MHz,1317 MHz,Black / Red
Gigabyte GeForce RTX 3060 Ti 8 GB GAMING OC,168000,GeForce RTX 3060 Ti,8 GB,1410 MHz,1740 MHz,Black / Silver
MSI GeForce RTX 3090 24 GB SUPRIM X,360000,GeForce RTX 3090,24 GB,1395 MHz,1875 MHz,Silver
Zotac GeForce GTX 1060 6GB 6 GB AMP,66000,GeForce GTX 1060 6GB,6 GB,1556 MHz,1771 MHz,Black / Silver
Asus GeForce RTX 3060 Ti  8 GB ROG STRIX GAMING OC V2,192000,GeForce RTX 3060 Ti LHR,8 GB,1410 MHz,1890 MHz,Black / Silver
NVIDIA GeForce RTX 3070 8 GB Founders Edition,171000,GeForce RTX 3070,8 GB,1500 MHz,1730 MHz,Black
Gigabyte GeForce RTX 3080 10 GB AORUS MASTER,230000,GeForce RTX 3080 10GB,10 GB,1440 MHz,Black,319 mm
Asus Radeon RX 5700 XT 8 GB STRIX GAMING OC,72000,Radeon RX 5700 XT,8 GB,1770 MHz,2035 MHz,Black
Gigabyte Radeon RX 5700 XT 8 GB GAMING OC,75000,Radeon RX 5700 XT,8 GB,1650 MHz,1905 MHz,Black
EVGA GeForce GTX 1080 8 GB SC2 Gaming iCX,119000,GeForce GTX 1080,8 GB,1708 MHz,1847 MHz,White / Black
NVIDIA GeForce RTX 3080 Ti 12 GB Founders Edition,268000,GeForce RTX 3080 Ti,12 GB,1370 MHz,1670 MHz,Silver / Black
Sapphire Radeon RX 580 4 GB NITRO+,35000,Radeon RX 580,4 GB,1257 MHz,1411 MHz,Black / Silver
Sapphire Radeon R9 280 3 GB Dual-X,26000,Radeon R9 280,3 GB,850 MHz,940 MHz,Black / Silver
Zotac GeForce RTX 3080 Ti 12 GB GAMING Trinity OC,262600,GeForce RTX 3080 Ti,12 GB,1365 MHz,1695 MHz,Black / Silver
EVGA GeForce RTX 3080 Ti 12 GB FTW3 ULTRA GAMING LE iCX3,260500,GeForce RTX 3080 Ti,12 GB,1365 MHz,1800 MHz,Black
Asus GeForce RTX 3080 10 GB STRIX GAMING OC,217000,GeForce RTX 3080 10GB,10 GB,1440 MHz,1935 MHz,Black
Asus GeForce GTX 1650 SUPER 4 GB TUF GAMING,70000,GeForce GTX 1650 SUPER,4 GB,1530 MHz,1755 MHz,Black
Gigabyte GeForce RTX 3060 Ti 8 GB GAMING OC PRO,173000,GeForce RTX 3060 Ti,8 GB,1410 MHz,1770 MHz,Black / Silver
PowerColor Radeon RX 6900 XT 16 GB Red Devil Ultimate,380000,Radeon RX 6900 XT,16 GB,1825 MHz,2425 MHz,Black
Gainward GeForce RTX 3080 Ti 12 GB Phoenix,259800,GeForce RTX 3080 Ti,12 GB,1365 MHz,1665 MHz,Silver / Black
Gigabyte GeForce GTX 1050 2 GB OC,26500,GeForce GTX 1050,2 GB,1379 MHz,1518 MHz,Black / Orange
MSI Radeon RX 6700 XT 12 GB MECH 2X,115800,Radeon RX 6700 XT,12 GB,2321 MHz,Black / Silver,247 mm
PowerColor Radeon RX 6800 XT 16 GB Red Devil OC,186500,Radeon RX 6800 XT,16 GB,1825 MHz,2340 MHz,Black
Gigabyte GeForce RTX 3060 Ti 8 GB Vision OC,173000,GeForce RTX 3060 Ti,8 GB,1665 MHz,1755 MHz,Silver / White
Asus GeForce RTX 3080 Ti 12 GB TUF GAMING OC,261000,GeForce RTX 3080 Ti,12 GB,1365 MHz,1695 MHz,Black
NVIDIA GeForce RTX 3080 10 GB Founders Edition,225400,GeForce RTX 3080 10GB,10 GB,1440 MHz,1710 MHz,Black
Gigabyte GeForce RTX 3070 Ti 8 GB GAMING OC,175000,GeForce RTX 3070 Ti,8 GB,1575 MHz,1830 MHz,Black / Silver
Gigabyte GeForce RTX 3080 Ti 12 GB Vision OC,251500,GeForce RTX 3080 Ti,12 GB,1365 MHz,1770 MHz,White / Silver
Zotac GeForce GTX 1060 6GB 6 GB MINI,60500,GeForce GTX 1060 6GB,6 GB,1506 MHz,1708 MHz,Black / Gray
NVIDIA GeForce RTX 3060 Ti 8 GB Founders Edition,198000,GeForce RTX 3060 Ti,8 GB,1410 MHz,1670 MHz,Black / Silver
Gigabyte Radeon RX 6800 XT 16 GB AORUS MASTER,185900,Radeon RX 6800 XT,16 GB,1825 MHz,2310 MHz,Black
EVGA GeForce GTX 1080 Ti 11 GB SC2,182500,GeForce GTX 1080 Ti,11 GB,1556 MHz,1670 MHz,Silver
EVGA GeForce RTX 3090 24 GB FTW3 ULTRA GAMING,339000,GeForce RTX 3090,24 GB,1395 MHz,1800 MHz,Black
EVGA GeForce RTX 3080 10 GB FTW3 ULTRA GAMING,212000,GeForce RTX 3080 10GB,10 GB,1440 MHz,1800 MHz,Black
EVGA GeForce RTX 3070 8 GB FTW3 GAMING,162000,GeForce RTX 3070,8 GB,1500 MHz,1770 MHz,Black / Silver
Zotac GeForce RTX 3060 12 GB GAMING AMP,115000,GeForce RTX 3060,12 GB,1320 MHz,1867 MHz,White
Gigabyte GeForce GTX 1650 G5 4 GB OC Low Profile,55000,GeForce GTX 1650 G5,4 GB,1485 MHz,1695 MHz,Black
Palit GeForce GTX 1050 Ti 4 GB KalmX,44500,GeForce GTX 1050 Ti,4 GB,1290 MHz,1392 MHz,Silver
EVGA GeForce GTX 1080 8 GB FTW2 DT Gaming iCX,115000,GeForce GTX 1080,8 GB,1607 MHz,1733 MHz,Black / Gray
Asus GeForce GTX 1660 SUPER 6 GB TUF GAMING OC,89000,GeForce GTX 1660 SUPER,6 GB,1530 MHz,1845 MHz,Black
Gigabyte GeForce RTX 3080 10 GB AORUS XTREME,213500,GeForce RTX 3080 10GB,10 GB,1710 MHz,1905 MHz,Black / Silver
Asus GeForce GTX 1660 Ti 6 GB TUF OC,102500,GeForce GTX 1660 Ti,6 GB,1500 MHz,1830 MHz,Black / Gray
MSI GeForce GTX 1660 Ti 6 GB GAMING X,115000,GeForce GTX 1660 Ti,6 GB,1500 MHz,1875 MHz,Black
Gigabyte GeForce RTX 3060 12 GB AORUS ELITE,129600,GeForce RTX 3060,12 GB,1320 MHz,1867 MHz,Black
XFX Radeon RX 590 8 GB FATBOY OC+,65000,Radeon RX 590,8 GB,1580 MHz,1600 MHz,Black / Red
Asus GeForce RTX 3080 Ti 12 GB ROG STRIX GAMING OC,261000,GeForce RTX 3080 Ti,12 GB,1365 MHz,1845 MHz,Black / Silver
Asus GeForce RTX 3080 10 GB ROG STRIX WHITE OC,216000,GeForce RTX 3080 10GB,10 GB,1440 MHz,1935 MHz,White
MSI GeForce RTX 3070 8 GB SUPRIM X,168000,GeForce RTX 3070,8 GB,1500 MHz,1920 MHz,Black / Silver
MSI Radeon RX 580 8 GB ARMOR OC,65000,Radeon RX 580,8 GB,1257 MHz,1366 MHz,Black / White
MSI Radeon R9 390 8 GB GAMING LE,61000,Radeon R9 390,8 GB,1050 MHz,1100 MHz,Black / Red
EVGA GeForce RTX 2080 SUPER 8 GB XC ULTRA GAMING,193500,GeForce RTX 2080 SUPER,8 GB,1650 MHz,1845 MHz,Transparent / Black
Zotac GeForce RTX 3060 12 GB GAMING Twin Edge OC,118000,GeForce RTX 3060,12 GB,1320 MHz,1807 MHz,Black
MSI GeForce GTX 1650 G5 4 GB VENTUS XS OC,76500,GeForce GTX 1650 G5,4 GB,1485 MHz,1740 MHz,Black / White
ASRock Radeon RX 5700 8 GB Challenger D OC,180000,Radeon RX 5700,8 GB,1515 MHz,1750 MHz,Black / Yellow
Sapphire Radeon RX 580 8 GB NITRO+,65000,Radeon RX 580,8 GB,1257 MHz,1411 MHz,Black
MSI GeForce RTX 2070 SUPER 8 GB VENTUS OC,140000,GeForce RTX 2070 SUPER,8 GB,1605 MHz,1785 MHz,Black / Silver
Asus GeForce RTX 3080 10 GB TUF GAMING OC,217000,GeForce RTX 3080 10GB,10 GB,1440 MHz,Black,299.9 mm
Sapphire Radeon RX 6700 XT 12 GB PULSE,109850,Radeon RX 6700 XT,12 GB,2321 MHz,2581 MHz,Black
Gigabyte GeForce RTX 3070 8 GB Vision OC,164500,GeForce RTX 3070,8 GB,1500 MHz,1815 MHz,Silver
Asus GeForce RTX 3090 24 GB STRIX GAMING OC,345000,GeForce RTX 3090,24 GB,1395 MHz,1890 MHz,Black
Asus GeForce GTX 1060 6GB 6 GB ROG STRIX,58000,GeForce GTX 1060 6GB,6 GB,1506 MHz,1708 MHz,Black
Asus GeForce RTX 3060 12 GB Phoenix,120000,GeForce RTX 3060,12 GB,1320 MHz,1807 MHz,Black
MSI GeForce GTX 1070 Ti 8 GB ARMOR,118000,GeForce GTX 1070 Ti,8 GB,1607 MHz,1683 MHz,Black / White
PowerColor Radeon RX 5700 XT 8 GB Red Devil,78000,Radeon RX 5700 XT,8 GB,1605 MHz,1905 MHz,Black / Red
Gigabyte Radeon RX 590 8 GB GAMING 8G,70000,Radeon RX 590,8 GB,1469 MHz,1560 MHz,Black / Orange
Gigabyte GeForce RTX 3070 8 GB AORUS MASTER,160000,GeForce RTX 3070,8 GB,1500 MHz,1845 MHz,Black
EVGA GeForce GTX 750 Ti 2 GB Superclocked,22000,GeForce GTX 750 Ti,2 GB,1176 MHz,1255 MHz,Black / Silver
EVGA GeForce GTX 1080 8 GB FTW2 GAMING iCX,115000,GeForce GTX 1080,8 GB,1721 MHz,1860 MHz,Black / Gray
Zotac GeForce RTX 3080 10 GB GAMING AMP Holo,215000,GeForce RTX 3080 10GB,10 GB,1440 MHz,1770 MHz,Black
MSI GeForce RTX 3070 8 GB VENTUS 3X OC,168000,GeForce RTX 3070,8 GB,1500 MHz,1755 MHz,Black / Silver
Asus GeForce RTX 2060 6 GB DUAL EVO OC,93000,GeForce RTX 2060,6 GB,1365 MHz,1785 MHz,Black
MSI GeForce RTX 3080 Ti 12 GB VENTUS 3X,259800,GeForce RTX 3080 Ti,12 GB,1365 MHz,1665 MHz,Black / Silver
EVGA GeForce RTX 3060 Ti 8 GB FTW3 GAMING iCX3,155000,GeForce RTX 3060 Ti,8 GB,1410 MHz,1710 MHz,Black
EVGA GeForce GTX 1070 Ti 8 GB FTW2 GAMING iCX,115000,GeForce GTX 1070 Ti,8 GB,1607 MHz,1683 MHz,Black / Silver
Gigabyte GeForce GTX 1080 Ti 11 GB AORUS XTREME,188000,GeForce GTX 1080 Ti,11 GB,1607 MHz,1746 MHz,Black / Silver
MSI GeForce RTX 3060 Ti 8 GB VENTUS 2X OC,180000,GeForce RTX 3060 Ti,8 GB,1410 MHz,1695 MHz,Black / Silver
Asus Radeon R9 270X 2 GB DirectCU II,22500,Radeon R9 270X,2 GB,1120 MHz,Black / Red,271 mm
Zotac GeForce GTX 1050 2 GB MINI,39800,GeForce GTX 1050,2 GB,1354 MHz,1455 MHz,Black
PowerColor Radeon RX 6700 XT 12 GB Red Devil,115600,Radeon RX 6700 XT,12 GB,2321 MHz,2622 MHz,Black
EVGA GeForce RTX 2070 8 GB Black,135000,GeForce RTX 2070,8 GB,1410 MHz,1620 MHz,Clear / Black
Asus GeForce RTX 3080 10 GB TUF GAMING,217000,GeForce RTX 3080 10GB,10 GB,1440 MHz,1740 MHz,Black
GALAX GeForce GTX 1650 SUPER 4 GB EX,74500,GeForce GTX 1650 SUPER,4 GB,1530 MHz,1740 MHz,Black
Zotac GeForce GTX 1660 SUPER 6 GB GAMING Twin Fan,97500,GeForce GTX 1660 SUPER,6 GB,1530 MHz,1785 MHz,Black
EVGA GeForce RTX 3070 8 GB FTW3 ULTRA GAMING,162000,GeForce RTX 3070,8 GB,1500 MHz,1815 MHz,Black / Silver
MSI GeForce GTX 1660 SUPER 6 GB VENTUS XS OC,93500,GeForce GTX 1660 SUPER,6 GB,1530 MHz,1815 MHz,Black / Silver
Gigabyte GeForce RTX 3070 8 GB GAMING OC,160000,GeForce RTX 3070,8 GB,1500 MHz,1815 MHz,Black / Silver
Gigabyte GeForce GTX 1660 SUPER 6 GB GAMING OC,88500,GeForce GTX 1660 SUPER,6 GB,1530 MHz,1860 MHz,Black / Silver
EVGA GeForce RTX 3070 Ti 8 GB XC3 ULTRA GAMING,178000,GeForce RTX 3070 Ti,8 GB,1575 MHz,1815 MHz,Black
EVGA GeForce GTX 1060 3GB 3 GB SC GAMING,35000,GeForce GTX 1060 3GB,3 GB,1607 MHz,1835 MHz,Black
XFX Radeon RX 6700 XT 12 GB Speedster QICK 319 BLACK,112350,Radeon RX 6700 XT,12 GB,2457 MHz,2622 MHz,Black
MSI GeForce RTX 3060 Ti 8 GB GAMING X,180000,GeForce RTX 3060 Ti,8 GB,1410 MHz,1770 MHz,Black / Silver
PowerColor Radeon RX 590 8 GB Red Devil,15000,Radeon RX 590,8 GB,1469 MHz,1576 MHz,Black / Red
Asus GeForce RTX 3060 Ti 8 GB TUF GAMING OC,187000,GeForce RTX 3060 Ti,8 GB,1410 MHz,1785 MHz,Black
Gigabyte GeForce GTX 1060 6GB 6 GB WINDFORCE OC,66500,GeForce GTX 1060 6GB,6 GB,1582 MHz,1797 MHz,Black / Red
XFX Radeon RX 570 4 GB RS XXX,28000,Radeon RX 570,4 GB,1168 MHz,1284 MHz,Black / Red
EVGA GeForce RTX 3080 Ti 12 GB FTW3 ULTRA GAMING,256850,GeForce RTX 3080 Ti,12 GB,1365 MHz,1800 MHz,Black
Asus GeForce RTX 2070 SUPER 8 GB STRIX GAMING Advanced,144000,GeForce RTX 2070 SUPER,8 GB,1635 MHz,1830 MHz,Black
EVGA GeForce GTX 1060 3GB 3 GB GAMING,35000,GeForce GTX 1060 3GB,3 GB,1506 MHz,1708 MHz,Black
EVGA GeForce RTX 3060 Ti 8 GB XC GAMING,155000,GeForce RTX 3060 Ti,8 GB,1410 MHz,1710 MHz,Black
XFX Radeon RX 6800 XT 16 GB Speedster MERC 319 CORE,199500,Radeon RX 6800 XT,16 GB,1825 MHz,2250 MHz,Black / Silver
MSI GeForce RTX 3060 12 GB GAMING X,135000,GeForce RTX 3060,12 GB,1320 MHz,1837 MHz,Black / Silver
MSI GeForce GTX 1660 6 GB VENTUS XS OC,82000,GeForce GTX 1660,6 GB,1530 MHz,1830 MHz,Black / White
EVGA GeForce GTX 1660 Ti 6 GB XC BLACK GAMING,107500,GeForce GTX 1660 Ti,6 GB,1500 MHz,1770 MHz,189.89 mm
Gigabyte Radeon RX 6700 XT 12 GB GAMING OC,118950,Radeon RX 6700 XT,12 GB,2321 MHz,Black / Silver,281 mm
Sapphire Radeon RX 6600 XT 8 GB NITRO+,91500,Radeon RX 6600 XT,8 GB,1968 MHz,2607 MHz,Black / Silver
MSI GeForce RTX 3070 8 GB GAMING X TRIO,163500,GeForce RTX 3070,8 GB,1500 MHz,1830 MHz,Black / Silver
EVGA GeForce GTX 980 Ti 6 GB Superclocked+ ACX 2.0+,55000,GeForce GTX 980 Ti,6 GB,1102 MHz,1190 MHz,Black / Silver
Sapphire Radeon RX 5600 XT 6 GB PULSE,58000,Radeon RX 5600 XT,6 GB,1247 MHz,1750 MHz,Black / Red
EVGA GeForce RTX 2080 SUPER 8 GB BLACK GAMING,189450,GeForce RTX 2080 SUPER,8 GB,1650 MHz,1815 MHz,Black
MSI GeForce GTX 980 4 GB GAMING,35000,GeForce GTX 980,4 GB,1152 MHz,1253 MHz,Black / Red
Sapphire Radeon RX 6900 XT 16 GB NITRO+ SE,359000,Radeon RX 6900 XT,16 GB,1825 MHz,2365 MHz,Black / White
Zotac GeForce RTX 3080 Ti 12 GB GAMING Trinity,260000,GeForce RTX 3080 Ti,12 GB,1365 MHz,1665 MHz,Black / Silver
MSI GeForce RTX 3060 Ti 8 GB GAMING X TRIO,180000,GeForce RTX 3060 Ti,8 GB,1410 MHz,1830 MHz,Black / Silver
Gigabyte GeForce RTX 3060 Ti 8 GB EAGLE OC,168000,GeForce RTX 3060 Ti,8 GB,1410 MHz,1695 MHz,Black
MSI Radeon RX 570 8 GB GT OC,32000,Radeon RX 570,8 GB,1168 MHz,1256 MHz,Black
Zotac GeForce RTX 3070 Ti 8 GB GAMING Trinity,180000,GeForce RTX 3070 Ti,8 GB,1575 MHz,1770 MHz,Black / Silver
Sapphire Radeon RX 6800 16 GB PULSE,182500,Radeon RX 6800,16 GB,1700 MHz,Black / Red,303 mm
Asus Radeon RX 6900 XT 16 GB STRIX LC GAMING OC,182000,Radeon RX 6900 XT,16 GB,1950 MHz,2365 MHz,Black / Gray
MSI GeForce RTX 3060 Ti 8 GB VENTUS 3X OC,180000,GeForce RTX 3060 Ti,8 GB,1410 MHz,1695 MHz,Black / Silver
Asus GeForce RTX 3070 8 GB ROG STRIX GAMING OC,164000,GeForce RTX 3070,8 GB,1500 MHz,1905 MHz,Black
EVGA GeForce RTX 3090 24 GB XC3 ULTRA GAMING,342000,GeForce RTX 3090,24 GB,1395 MHz,1725 MHz,Black / Red
ASRock Radeon RX 6800 XT 16 GB Taichi X OC,196500,Radeon RX 6800 XT,16 GB,1825 MHz,Black,330 mm
AMD Radeon RX 6800 XT 16 GB Midnight Black,188800,Radeon RX 6800 XT,16 GB,1825 MHz,2250 MHz,Black
Asus GeForce RTX 3070 8 GB TUF GAMING OC,164000,GeForce RTX 3070,8 GB,1500 MHz,1845 MHz,Black
Palit GeForce RTX 3060 12 GB Dual,120000,GeForce RTX 3060,12 GB,1320 MHz,Black,245 mm
Gigabyte GeForce RTX 3070 Ti 8 GB AORUS MASTER,177000,GeForce RTX 3070 Ti,8 GB,1575 MHz,1875 MHz,Black
MSI GeForce GTX 1070 Ti 8 GB GAMING,118000,GeForce GTX 1070 Ti,8 GB,1607 MHz,1683 MHz,Black / Red
Asus GeForce RTX 3070 Ti 8 GB TUF GAMING,175000,GeForce RTX 3070 Ti,8 GB,1575 MHz,1800 MHz,Black / Silver
EVGA GeForce GTX 960 4 GB SSC ACX 2.0+,35800,GeForce GTX 960,4 GB,1279 MHz,1342 MHz,Black / Silver
Asus Radeon RX 570 4 GB ROG STRIX,65000,Radeon RX 570,4 GB,1168 MHz,1310 MHz,Black
Gigabyte GeForce GTX 1660 SUPER 6 GB OC,88500,GeForce GTX 1660 SUPER,6 GB,1530 MHz,1830 MHz,Black / Silver
Asus GeForce RTX 2060 6 GB TUF OC,93000,GeForce RTX 2060,6 GB,1365 MHz,1740 MHz,Black / Gray
Gigabyte GeForce GTX 1650 G6 4 GB D6 LP,55000,GeForce GTX 1650 G6,4 GB,1410 MHz,1590 MHz,Black
Asus GeForce RTX 3060 Ti 8 GB DUAL MINI OC,172000,GeForce RTX 3060 Ti,8 GB,1410 MHz,1710 MHz,Black
EVGA GeForce GTX 1080 Ti 11 GB SC Black Edition,180600,GeForce GTX 1080 Ti,11 GB,1556 MHz,1670 MHz,Black
Gigabyte GeForce GTX 1660 Ti 6 GB OC,106000,GeForce GTX 1660 Ti,6 GB,1500 MHz,1800 MHz,Black / Gray
Gigabyte GeForce GTX 1660 SUPER 6 GB GAMING,88500,GeForce GTX 1660 SUPER,6 GB,1530 MHz,1785 MHz,Black
EVGA GeForce RTX 3080 Ti 12 GB FTW3 ULTRA HYBRID GAMING iCX3,262000,GeForce RTX 3080 Ti,12 GB,1365 MHz,1800 MHz,Black
NVIDIA GeForce GTX 1080 Ti 11 GB Founders Edition,198000,GeForce GTX 1080 Ti,11 GB,1480 MHz,1582 MHz,Black / Silver
MSI GeForce GTX 1660 SUPER 6 GB GAMING X,92000,GeForce GTX 1660 SUPER,6 GB,1530 MHz,1830 MHz,Black
EVGA GeForce RTX 3070 8 GB XC3 BLACK GAMING,162000,GeForce RTX 3070,8 GB,1500 MHz,1725 MHz,Black / Silver
Gigabyte GeForce RTX 2060 6 GB OC,91000,GeForce RTX 2060,6 GB,1365 MHz,1755 MHz,Black
Asus GeForce GTX 970 4 GB STRIX,44000,GeForce GTX 970,4 GB,1114 MHz,1253 MHz,Black / Red
Asus GeForce RTX 3070 8 GB KO Gaming OC,164000,GeForce RTX 3070,8 GB,1500 MHz,1845 MHz,Black / Silver
EVGA GeForce RTX 2060 6 GB XC GAMING,93000,GeForce RTX 2060,6 GB,1365 MHz,1755 MHz,Black
Asus GeForce GTX 1050 Ti 4 GB Phoenix,50000,GeForce GTX 1050 Ti,4 GB,1290 MHz,1392 MHz,Black / White
Sapphire Radeon RX 480 4 GB NITRO+,40000,Radeon RX 480,4 GB,1208 MHz,1306 MHz,Black / Silver
EVGA GeForce RTX 3080 10 GB FTW3 ULTRA GAMING ,212000,GeForce RTX 3080 10GB LHR,10 GB,1440 MHz,1800 MHz,Black
Asus Radeon RX 5600 XT 6 GB STRIX GAMING OC,65000,Radeon RX 5600 XT,6 GB,1247 MHz,1770 MHz,Black
MSI GeForce GTX 1650 G6 4 GB D6 VENTUS XS OC,76500,GeForce GTX 1650 G6,4 GB,1410 MHz,1620 MHz,Black / Silver
EVGA GeForce RTX 2080 SUPER 8 GB XC GAMING,185200,GeForce RTX 2080 SUPER,8 GB,1650 MHz,1830 MHz,Transparent / Black
Zotac GeForce RTX 3060 Ti  8 GB GAMING AMP,165000,GeForce RTX 3060 Ti LHR,8 GB,1410 MHz,1755 MHz,White
Zotac GeForce GTX 1660 6 GB GAMING Twin Fan,85000,GeForce GTX 1660,6 GB,1530 MHz,1785 MHz,Black
MSI GeForce RTX 3080 10 GB GAMING X TRIO,210500,GeForce RTX 3080 10GB,10 GB,1440 MHz,Black,323 mm
MSI GeForce RTX 3090 24 GB GAMING X TRIO,360000,GeForce RTX 3090,24 GB,1395 MHz,Black,335 mm
MSI GeForce GTX 960 4 GB GAMING,36500,GeForce GTX 960,4 GB,1241 MHz,1304 MHz,Black / Red
PNY GeForce RTX 2070 8 GB XLR8 Gaming Overclocked Edition,132000,GeForce RTX 2070,8 GB,1410 MHz,1710 MHz,Black
PowerColor Radeon RX 6600 XT 8 GB Red Devil,86000,Radeon RX 6600 XT,8 GB,1968 MHz,2607 MHz,Black
Asus Radeon RX 480 4 GB DUAL,50500,Radeon RX 480,4 GB,1120 MHz,1320 MHz,White / Black
Zotac GeForce GTX 1080 Ti 11 GB AMP Extreme,180000,GeForce GTX 1080 Ti,11 GB,1645 MHz,1759 MHz,Black / Yellow
Asus GeForce RTX 3060 12 GB TUF GAMING OC,130000,GeForce RTX 3060,12 GB,1320 MHz,Black,301 mm
Gigabyte GeForce GTX 1080 Ti 11 GB AORUS WATERFORCE,188000,GeForce GTX 1080 Ti,11 GB,1632 MHz,1746 MHz,Black / Orange
Inno3D GeForce RTX 2060 6 GB Twin X2,85000,GeForce RTX 2060,6 GB,1365 MHz,1680 MHz,Black
EVGA GeForce GTX 1080 Ti 11 GB FTW3 ELITE GAMING,189200,GeForce GTX 1080 Ti,11 GB,1569 MHz,1683 MHz,White / Black
Asus GeForce RTX 3060 Ti 8 GB TUF GAMING,187000,GeForce RTX 3060 Ti,8 GB,1410 MHz,1695 MHz,Black
Sapphire Radeon R9 380 4 GB NITRO,30000,Radeon R9 380,4 GB,985 MHz,Black / Silver,238 mm
Gigabyte GeForce GTX 1650 SUPER 4 GB WINDFORCE OC,83600,GeForce GTX 1650 SUPER,4 GB,1530 MHz,1755 MHz,Black / Silver
MSI GeForce RTX 2080 SUPER 8 GB GAMING TRIO,173250,GeForce RTX 2080 SUPER,8 GB,1650 MHz,1815 MHz,Silver / Black
Asus GeForce GTX 1650 G6 4 GB Phoenix OC,56000,GeForce GTX 1650 G6,4 GB,1410 MHz,1665 MHz,Black
PNY GeForce RTX 3060 12 GB XLR8 Gaming REVEL EPIC-X RGB,120000,GeForce RTX 3060,12 GB,1320 MHz,Black,169.926 mm
Gigabyte GeForce RTX 3080 Ti 12 GB AORUS MASTER,249800,GeForce RTX 3080 Ti,12 GB,1365 MHz,1770 MHz,Black
NVIDIA GeForce RTX 2060 SUPER 8 GB Founders Edition,96000,GeForce RTX 2060 SUPER,8 GB,1470 MHz,1650 MHz,Silver
Zotac GeForce RTX 3080 10 GB GAMING Trinity,220000,GeForce RTX 3080 10GB,10 GB,1440 MHz,1710 MHz,Black
MSI GeForce RTX 3070 Ti 8 GB GAMING X TRIO,178500,GeForce RTX 3070 Ti,8 GB,1575 MHz,1830 MHz,Black / Silver
Gigabyte GeForce RTX 3060 Ti 8 GB AORUS ELITE,168000,GeForce RTX 3060 Ti,8 GB,1410 MHz,1785 MHz,Black
Zotac GeForce RTX 2070 SUPER 8 GB MINI,138000,GeForce RTX 2070 SUPER,8 GB,1605 MHz,1770 MHz,Black
Asus GeForce RTX 3070 Ti 8 GB ROG STRIX GAMING OC,175000,GeForce RTX 3070 Ti,8 GB,1575 MHz,Black / Silver,318.5 mm
Zotac GeForce RTX 2080 SUPER 8 GB AMP Extreme,180000,GeForce RTX 2080 SUPER,8 GB,1650 MHz,1875 MHz,Black
NVIDIA Titan Xp 12 GB Star Wars Jedi Order,185000,Titan Xp,12 GB,1481 MHz,1582 MHz,Silver / Green
NVIDIA GeForce GTX 1070 Ti 8 GB Founders Edition,116500,GeForce GTX 1070 Ti,8 GB,1607 MHz,1683 MHz,Silver / Black
MSI GeForce RTX 3080 10 GB SUPRIM X,220500,GeForce RTX 3080 10GB,10 GB,1440 MHz,1920 MHz,Black / Silver
Gigabyte GeForce RTX 3080 10 GB TURBO,222500,GeForce RTX 3080 10GB,10 GB,1710 MHz,Black / Silver,267 mm
PowerColor Radeon RX 480 4 GB Red Dragon,36000,Radeon RX 480,4 GB,1120 MHz,1266 MHz,Black / Silver
Asus GeForce RTX 3060 12 GB DUAL OC,120000,GeForce RTX 3060,12 GB,1320 MHz,Black,200 mm
Gigabyte Radeon RX 580 8 GB GAMING 8G,75000,Radeon RX 580,8 GB,1257 MHz,1355 MHz,Black / Orange
XFX Radeon RX 5700 XT 8 GB RAW II,77000,Radeon RX 5700 XT,8 GB,1605 MHz,1905 MHz,Black
Zotac GeForce RTX 3080 Ti 12 GB GAMING AMP Holo,256800,GeForce RTX 3080 Ti,12 GB,1365 MHz,1710 MHz,Black / Silver
MSI GeForce GTX 970 4 GB GAMING 100ME,35000,GeForce GTX 970,4 GB,1140 MHz,1279 MHz,Black / Green
MSI GeForce RTX 3060 12 GB VENTUS 2X,135000,GeForce RTX 3060,12 GB,1320 MHz,1777 MHz,Black
GALAX GeForce GTX 970 4 GB EX OC,32000,GeForce GTX 970,4 GB,1126 MHz,1266 MHz,Black
EVGA GeForce GTX 980 Ti 6 GB HYBRID,55600,GeForce GTX 980 Ti,6 GB,1140 MHz,1228 MHz,Black / Gold
Gigabyte GeForce RTX 2070 SUPER 8 GB WINDFORCE OC 3X,142000,GeForce RTX 2070 SUPER,8 GB,1605 MHz,1785 MHz,Black
Sapphire Radeon RX VEGA 64 8 GB NITRO+,80000,Radeon RX VEGA 64,8 GB,1373 MHz,1580 MHz,Black / Silver
Asus GeForce GTX 1080 Ti 11 GB Founders Edition,181500,GeForce GTX 1080 Ti,11 GB,1480 MHz,1582 MHz,Black / Silver
Asus GeForce RTX 3060 Ti 8 GB ROG STRIX GAMING OC,185000,GeForce RTX 3060 Ti,8 GB,1410 MHz,1890 MHz,Black / Gray
Zotac GeForce GTX 1050 Ti 4 GB MINI,39800,GeForce GTX 1050 Ti,4 GB,1303 MHz,1417 MHz,Black
Gigabyte GeForce GTX 1050 2 GB GAMING,26500,GeForce GTX 1050,2 GB,1417 MHz,1556 MHz,Black / Orange
MSI Radeon RX 480 4 GB ARMOR OC,40000,Radeon RX 480,4 GB,1120 MHz,1291 MHz,Black / White
Asus GeForce RTX 3060 Ti 8 GB KO OC,185000,GeForce RTX 3060 Ti,8 GB,1410 MHz,1785 MHz,Black / Silver
Asus GeForce RTX 3080 Ti 12 GB ROG STRIX LC GAMING OC,261000,GeForce RTX 3080 Ti,12 GB,1365 MHz,1860 MHz,Black / Silver
Gigabyte GeForce RTX 3070 Ti 8 GB Vision OC,179000,GeForce RTX 3070 Ti,8 GB,1575 MHz,1830 MHz,White / Silver
Asus GeForce RTX 3070 8 GB DUAL OC,164000,GeForce RTX 3070,8 GB,1500 MHz,Black,267 mm
Asus GeForce GTX 1060 6GB 6 GB DUAL,55000,GeForce GTX 1060 6GB,6 GB,1594 MHz,1809 MHz,White
PowerColor Radeon RX 6800 16 GB Red Dragon OC,175800,Radeon RX 6800,16 GB,1700 MHz,2170 MHz,Black
ASRock Radeon RX 6900 XT 16 GB Phantom Gaming D OC,205000,Radeon RX 6900 XT,16 GB,1925 MHz,2340 MHz,Black / Silver
Asus GeForce GTX 1650 SUPER 4 GB STRIX GAMING OC,70000,GeForce GTX 1650 SUPER,4 GB,1530 MHz,1815 MHz,Black
EVGA GeForce RTX 2080 8 GB XC ULTRA GAMING,168000,GeForce RTX 2080,8 GB,1515 MHz,1815 MHz,Black / Clear
EVGA GeForce GTX 1660 SUPER 6 GB SC ULTRA GAMING,88500,GeForce GTX 1660 SUPER,6 GB,1530 MHz,1830 MHz,Black
MSI GeForce GTX 1070 8 GB GAMING X,69000,GeForce GTX 1070,8 GB,1506 MHz,1797 MHz,Black / Red
MSI GeForce RTX 2060 6 GB GAMING Z,95000,GeForce RTX 2060,6 GB,1365 MHz,1830 MHz,Black / Gray
EVGA GeForce GTX 770 2 GB Superclocked ACX,32650,GeForce GTX 770,2 GB,1111 MHz,Black / Gold,267 mm
Asus GeForce RTX 2060 SUPER 8 GB STRIX GAMING OC,99000,GeForce RTX 2060 SUPER,8 GB,1500 MHz,1860 MHz,Black
EVGA GeForce GTX 1060 6GB 6 GB SC GAMING,60000,GeForce GTX 1060 6GB,6 GB,1607 MHz,1835 MHz,Black / Gray
Asus GeForce RTX 3060 12 GB ROG STRIX GAMING,122000,GeForce RTX 3060,12 GB,1320 MHz,Black / Silver,300 mm
XFX Radeon RX 580 8 GB GTS,78000,Radeon RX 580,8 GB,1405 MHz,1425 MHz,Black / Red
EVGA GeForce RTX 3080 Ti 12 GB XC3 ULTRA GAMING iCX3,261650,GeForce RTX 3080 Ti,12 GB,1365 MHz,1725 MHz,Black
Gigabyte GeForce RTX 3080 10 GB GAMING OC,221500,GeForce RTX 3080 10GB,10 GB,1440 MHz,1800 MHz,Black / Gray
ASRock Radeon RX 5700 XT 8 GB Phantom Gaming D OC,180000,Radeon RX 5700 XT,8 GB,1690 MHz,1945 MHz,Black / Red
EVGA GeForce RTX 2070 SUPER 8 GB FTW3 ULTRA GAMING,145000,GeForce RTX 2070 SUPER,8 GB,1605 MHz,1815 MHz,Transparent
ASRock Radeon RX 6600 XT 8 GB Challenger D OC,82800,Radeon RX 6600 XT,8 GB,1968 MHz,Black,269 mm
Gigabyte GeForce GTX 1060 3GB 3 GB WINDFORCE OC,38500,GeForce GTX 1060 3GB,3 GB,1556 MHz,1797 MHz,Black / Orange
Gainward GeForce RTX 3080 10 GB Phoenix,210000,GeForce RTX 3080 10GB,10 GB,1440 MHz,1710 MHz,Silver / Black
Palit GeForce RTX 3080 Ti 12 GB GamingPro,250000,GeForce RTX 3080 Ti,12 GB,1365 MHz,1665 MHz,Black / Silver
Asus Radeon RX 580 8 GB AREZ STRIX OC,70000,Radeon RX 580,8 GB,1257 MHz,1380 MHz,Black
Asus GeForce GTX 1050 Ti 4 GB STRIX,57000,GeForce GTX 1050 Ti,4 GB,1379 MHz,1506 MHz,Black
MSI GeForce GTX 1070 8 GB ARMOR OC,69000,GeForce GTX 1070,8 GB,1556 MHz,1746 MHz,Black / White
Gigabyte GeForce GTX 1080 8 GB GAMING,108000,GeForce GTX 1080,8 GB,1721 MHz,1860 MHz,Black / Orange
Inno3D GeForce RTX 3080 10 GB iChill X4,210500,GeForce RTX 3080 10GB,10 GB,1440 MHz,1770 MHz,Black / Silver
Gigabyte Radeon RX 6800 16 GB GAMING OC,186200,Radeon RX 6800,16 GB,1815 MHz,2155 MHz,Silver / Black
Zotac GeForce RTX 2060 SUPER 8 GB MINI,92000,GeForce RTX 2060 SUPER,8 GB,1470 MHz,1650 MHz,Silver / Black
EVGA GeForce RTX 2060 6 GB SC GAMING,97000,GeForce RTX 2060,6 GB,1365 MHz,1710 MHz,Black
Asus GeForce GTX 1660 SUPER 6 GB Phoenix OC,85000,GeForce GTX 1660 SUPER,6 GB,1530 MHz,1830 MHz,Black / White
MSI Radeon RX 6700 XT 12 GB GAMING X,129500,Radeon RX 6700 XT,12 GB,2321 MHz,Black / Silver,279 mm
MSI Radeon RX 6600 XT 8 GB MECH 2X OC,85000,Radeon RX 6600 XT,8 GB,1968 MHz,2602 MHz,Black / Silver
MSI GeForce RTX 2060 SUPER 8 GB GAMING,102000,GeForce RTX 2060 SUPER,8 GB,1470 MHz,1650 MHz,Black / Silver
MSI GeForce RTX 3080 Ti 12 GB SUPRIM X,248000,GeForce RTX 3080 Ti,12 GB,1365 MHz,1845 MHz,Black / Silver
MSI Radeon RX 580 4 GB GAMING X,35000,Radeon RX 580,4 GB,1257 MHz,1393 MHz,Black / Red
EVGA GeForce RTX 2070 8 GB GAMING,128000,GeForce RTX 2070,8 GB,1410 MHz,1620 MHz,Black / Clear
Inno3D GeForce GTX 1050 Ti 4 GB Compact,42000,GeForce GTX 1050 Ti,4 GB,1290 MHz,1392 MHz,Black / White
PowerColor Radeon RX 5600 XT 6 GB Red Dragon,65200,Radeon RX 5600 XT,6 GB,1247 MHz,1620 MHz,Black / Silver
Sapphire Radeon R9 280X 3 GB Dual-X,30000,Radeon R9 280X,3 GB,850 MHz,1020 MHz,Blue / Silver
MSI GeForce RTX 3080  10 GB SEA HAWK X,209500,GeForce RTX 3080 10GB LHR,10 GB,1440 MHz,1785 MHz,Black / Silver
Gigabyte GeForce GTX 1070 Ti 8 GB WINDFORCE,65000,GeForce GTX 1070 Ti,8 GB,1632 MHz,1721 MHz,Black / Orange
Gigabyte GeForce RTX 2080 8 GB GAMING OC WHITE,162350,GeForce RTX 2080,8 GB,1710 MHz,1830 MHz,White / Black
Zotac GeForce RTX 3070 8 GB Twin Edge OC,159000,GeForce RTX 3070,8 GB,1500 MHz,1755 MHz,White
Gigabyte GeForce RTX 3080 Ti 12 GB GAMING OC,245600,GeForce RTX 3080 Ti,12 GB,1365 MHz,1770 MHz,Black / Silver
Asus GeForce RTX 2080 Ti 11 GB STRIX GAMING OC,245000,GeForce RTX 2080 Ti,11 GB,1350 MHz,1665 MHz,Black
Gigabyte GeForce RTX 2070 SUPER 8 GB GAMING OC 3X,136500,GeForce RTX 2070 SUPER,8 GB,1605 MHz,1815 MHz,Black
EVGA GeForce RTX 3090 24 GB K|NGP|N HYBRID GAMING,342000,GeForce RTX 3090,24 GB,1395 MHz,1920 MHz,Black
MSI GeForce GTX 980 4 GB TWIN FROZR,40000,GeForce GTX 980,4 GB,1190 MHz,1291 MHz,Black / Red
MSI GeForce RTX 2070 SUPER 8 GB GAMING X,138500,GeForce RTX 2070 SUPER,8 GB,1605 MHz,1800 MHz,Black
Gigabyte Radeon RX 580 8 GB GAMING,65000,Radeon RX 580,8 GB,1257 MHz,1355 MHz,Black / Orange
Asus GeForce GTX 750 Ti 2 GB STRIX,25000,GeForce GTX 750 Ti,2 GB,1124 MHz,1202 MHz,Black / Red
EVGA GeForce RTX 2080 Ti 11 GB FTW3 ULTRA GAMING,250000,GeForce RTX 2080 Ti,11 GB,1350 MHz,1755 MHz,Clear / Black
Zotac GeForce RTX 3070 Ti 8 GB GAMING AMP Holo,180000,GeForce RTX 3070 Ti,8 GB,1575 MHz,1830 MHz,Black / Silver
MSI GeForce RTX 2070 SUPER 8 GB GAMING X TRIO,140000,GeForce RTX 2070 SUPER,8 GB,1605 MHz,1800 MHz,Black
Gigabyte GeForce GTX 1080 8 GB WINDFORCE OC,115000,GeForce GTX 1080,8 GB,1657 MHz,1797 MHz,Black / Orange
NVIDIA GeForce RTX 2070 SUPER 8 GB Founders Edition,148600,GeForce RTX 2070 SUPER,8 GB,1605 MHz,1770 MHz,Silver
MSI Radeon RX 580 8 GB GAMING X,66000,Radeon RX 580,8 GB,1257 MHz,1393 MHz,Black / Red
Asus GeForce RTX 2070 SUPER 8 GB STRIX GAMING OC,149000,GeForce RTX 2070 SUPER,8 GB,1635 MHz,1935 MHz,Black
MSI GeForce RTX 3060 12 GB VENTUS 3X OC,135000,GeForce RTX 3060,12 GB,1320 MHz,1807 MHz,Black
Sapphire Radeon RX 6800 XT 16 GB NITRO+ SE,195600,Radeon RX 6800 XT,16 GB,1825 MHz,Black / Silver,310 mm
Asus GeForce GTX 1050 2 GB ROG STRIX,32000,GeForce GTX 1050,2 GB,1442 MHz,1569 MHz,Black
MSI GeForce RTX 3070 8 GB VENTUS 3X,168000,GeForce RTX 3070,8 GB,1500 MHz,1725 MHz,Black / Silver
Sapphire Radeon RX 580 8 GB PULSE,62000,Radeon RX 580,8 GB,1257 MHz,1366 MHz,Black
Sapphire Radeon RX 6700 XT 12 GB NITRO+,125000,Radeon RX 6700 XT,12 GB,2321 MHz,2622 MHz,Silver / Black
PowerColor Radeon RX 6900 XT 16 GB Red Devil Limited Edition,365000,Radeon RX 6900 XT,16 GB,1825 MHz,2340 MHz,Black
Sapphire Radeon RX 5700 XT 8 GB NITRO+ SE,75000,Radeon RX 5700 XT,8 GB,1840 MHz,2035 MHz,Black / Silver
Gigabyte GeForce RTX 2060 6 GB WINDFORCE OC,86000,GeForce RTX 2060,6 GB,1680 MHz,1770 MHz,Black
Sapphire Radeon RX 5600 XT 6 GB PULSE BE,66000,Radeon RX 5600 XT,6 GB,1247 MHz,1620 MHz,Black / Red
MSI GeForce RTX 2060 SUPER 8 GB GAMING X,95000,GeForce RTX 2060 SUPER,8 GB,1470 MHz,1695 MHz,Black / Silver
ASRock Radeon RX 5700 XT 8 GB Challenger D OC,180000,Radeon RX 5700 XT,8 GB,1650 MHz,1905 MHz,Black / Yellow
Asus GeForce GTX 1080 8 GB ROG STRIX,115000,GeForce GTX 1080,8 GB,1670 MHz,1835 MHz,Black
Sapphire Radeon RX 5700 XT 8 GB NITRO+,80000,Radeon RX 5700 XT,8 GB,1770 MHz,2010 MHz,Black / Silver
Asus GeForce RTX 3070 8 GB STRIX GAMING,164000,GeForce RTX 3070,8 GB,1500 MHz,1755 MHz,Black
MSI GeForce RTX 2080 Ti 11 GB VENTUS OC,250000,GeForce RTX 2080 Ti,11 GB,1350 MHz,1635 MHz,Silver / Black
Gigabyte GeForce RTX 3080 Ti 12 GB AORUS XTREME,256800,GeForce RTX 3080 Ti,12 GB,1365 MHz,1770 MHz,Black
Palit GeForce RTX 3070 Ti 8 GB GameRock OC,162000,GeForce RTX 3070 Ti,8 GB,1575 MHz,1845 MHz,Silver
XFX Radeon RX 580 8 GB GTR XXX,63500,Radeon RX 580,8 GB,1366 MHz,1386 MHz,Black / Red
Asus GeForce RTX 3090 24 GB TUF GAMING OC,345000,GeForce RTX 3090,24 GB,1395 MHz,Black,299.9 mm
Gigabyte GeForce GTX 1050 Ti 4 GB GAMING,47000,GeForce GTX 1050 Ti,4 GB,1366 MHz,1506 MHz,Black
MSI GeForce RTX 3060 12 GB GAMING X TRIO,135000,GeForce RTX 3060,12 GB,1320 MHz,1852 MHz,Black
Gigabyte GeForce RTX 3070 Ti 8 GB EAGLE,172000,GeForce RTX 3070 Ti,8 GB,1575 MHz,1770 MHz,Black
Asus Radeon RX 6700 XT 12 GB ROG STRIX GAMING OC,125000,Radeon RX 6700 XT,12 GB,2321 MHz,Black / Silver,322 mm
Asus GeForce RTX 3060 12 GB ROG STRIX GAMING OC,130000,GeForce RTX 3060,12 GB,1320 MHz,Black / Silver,300 mm
Sapphire Radeon RX 5700 XT 8 GB PULSE,82500,Radeon RX 5700 XT,8 GB,1670 MHz,1925 MHz,Black / Red
Palit GeForce RTX 3080 10 GB GamingPro,218500,GeForce RTX 3080 10GB,10 GB,1440 MHz,1710 MHz,Black / Silver
AMD Radeon RX 6700 XT 12 GB 100-438385,180000,Radeon RX 6700 XT,12 GB,2321 MHz,2581 MHz,Black / Silver
Gigabyte GeForce RTX 3090 24 GB GAMING OC,350000,GeForce RTX 3090,24 GB,1395 MHz,1755 MHz,Black / Gray
PNY GeForce GTX 960 2 GB XLR8,25000,GeForce GTX 960,2 GB,1127 MHz,1178 MHz,Black
Asus GeForce RTX 3070 8 GB DUAL,160200,GeForce RTX 3070,8 GB,1500 MHz,1755 MHz,Black
MSI GeForce GTX 970 4 GB GAMING,35000,GeForce GTX 970,4 GB,1140 MHz,1279 MHz,Black / Red
EVGA GeForce RTX 2070 SUPER 8 GB BLACK GAMING,138000,GeForce RTX 2070 SUPER,8 GB,1605 MHz,1770 MHz,Black
Zotac GeForce GTX 980 Ti 6 GB AMP,52500,GeForce GTX 980 Ti,6 GB,1051 MHz,1140 MHz,Black / Silver
Zotac GeForce RTX 3060 Ti 8 GB Twin Edge OC,165000,GeForce RTX 3060 Ti,8 GB,1410 MHz,1695 MHz,Black
MSI GeForce GTX 1080 8 GB GAMING X,120000,GeForce GTX 1080,8 GB,1607 MHz,1847 MHz,Black / Red
Gigabyte GeForce RTX 2070 SUPER 8 GB GAMING OC WHITE,142000,GeForce RTX 2070 SUPER,8 GB,1605 MHz,1815 MHz,White
EVGA GeForce RTX 2080 Ti 11 GB K|NGP|N GAMING,235000,GeForce RTX 2080 Ti,11 GB,1350 MHz,1770 MHz,Black
ASRock Radeon RX 580 8 GB Phantom Gaming D,113200,Radeon RX 580,8 GB,1257 MHz,1370 MHz,Black / Silver
EVGA GeForce GTX 1080 Ti 11 GB SC2 ELITE GAMING,182500,GeForce GTX 1080 Ti,11 GB,1556 MHz,1670 MHz,Black
Gigabyte Radeon RX 5500 XT 8 GB OC,82650,Radeon RX 5500 XT,8 GB,1647 MHz,1845 MHz,Black / Gray
EVGA GeForce RTX 2080 Ti 11 GB XC HYBRID GAMING,246500,GeForce RTX 2080 Ti,11 GB,1350 MHz,1635 MHz,Black / Clear
Asus GeForce GTX 1070 8 GB Founders Edition,70000,GeForce GTX 1070,8 GB,1506 MHz,1683 MHz,Black / Silver
Asus GeForce RTX 2080 Ti 11 GB STRIX GAMING Advanced,245000,GeForce RTX 2080 Ti,11 GB,1350 MHz,Black,304.7 mm
PNY GeForce GTX 1660 6 GB XLR8 Gaming Overclocked Edition,83000,GeForce GTX 1660,6 GB,1530 MHz,1830 MHz,Black
EVGA GeForce GTX 760 4 GB Dual FTW ACX,34000,GeForce GTX 760,4 GB,1085 MHz,1150 MHz,Black / Silver
MSI GeForce RTX 2070 8 GB GAMING,125000,GeForce RTX 2070,8 GB,1410 MHz,1620 MHz,Black
GALAX GeForce RTX 3060 Ti 8 GB (1-click OC),170000,GeForce RTX 3060 Ti,8 GB,1410 MHz,1680 MHz,Black
GALAX GeForce GTX 1660 Ti 6 GB (1-click OC),112000,GeForce GTX 1660 Ti,6 GB,1500 MHz,1800 MHz,Black
PowerColor Radeon RX 570 4 GB Red Dragon,35800,Radeon RX 570,4 GB,1168 MHz,1250 MHz,Black / Red
Gigabyte Radeon RX 6700 XT 12 GB EAGLE,125000,Radeon RX 6700 XT,12 GB,2321 MHz,Black,282 mm
Gigabyte GeForce GTX 1060 3GB 3 GB GAMING,38500,GeForce GTX 1060 3GB,3 GB,1620 MHz,1847 MHz,Black / Orange
NVIDIA GeForce GTX 1060 6GB 6 GB Founders Edition,68500,GeForce GTX 1060 6GB,6 GB,1506 MHz,1709 MHz,Black / Silver
EVGA GeForce GTX 1660 6 GB SC ULTRA GAMING,77500,GeForce GTX 1660,6 GB,1530 MHz,1830 MHz,Silver / Black
Asus GeForce RTX 2070 8 GB STRIX GAMING OC,117000,GeForce RTX 2070,8 GB,1410 MHz,1845 MHz,Black
Palit GeForce GTX 1650 SUPER 4 GB StormX OC,52500,GeForce GTX 1650 SUPER,4 GB,1530 MHz,1770 MHz,Black
MSI Radeon RX 580 8 GB ARMOR X,78000,Radeon RX 580,8 GB,1257 MHz,1366 MHz,Silver / Black
Gigabyte GeForce RTX 3090 24 GB AORUS XTREME WATERFORCE,350000,GeForce RTX 3090,24 GB,1395 MHz,1785 MHz,Black
EVGA GeForce RTX 3080 10 GB FTW3 ULTRA HYBRID GAMING,212000,GeForce RTX 3080 10GB LHR,10 GB,1440 MHz,1800 MHz,Black
PNY GeForce GTX 970 4 GB XLR8,33000,GeForce GTX 970,4 GB,1050 MHz,1178 MHz,Black / Gold
ASRock Radeon RX 6800 16 GB Phantom Gaming D OC,196000,Radeon RX 6800,16 GB,1700 MHz,Black / Silver,305 mm
Asus GeForce RTX 2060 6 GB DUAL EVO Advanced,88000,GeForce RTX 2060,6 GB,1365 MHz,1725 MHz,Black
Gigabyte GeForce RTX 3090 24 GB Vision OC,350000,GeForce RTX 3090,24 GB,1395 MHz,1755 MHz,Silver / White
MSI Radeon RX 5700 XT 8 GB GAMING X,78500,Radeon RX 5700 XT,8 GB,1730 MHz,1980 MHz,Silver / Black
Palit GeForce RTX 3080 10 GB GameRock OC,210800,GeForce RTX 3080 10GB,10 GB,1440 MHz,1860 MHz,Black
Zotac GeForce RTX 2080 8 GB GAMING AMP,171550,GeForce RTX 2080,8 GB,1515 MHz,Black,308 mm
EVGA GeForce GTX 970 4 GB SSC ACX 2.0+,30500,GeForce GTX 970,4 GB,1190 MHz,1342 MHz,Black / Blue
MSI GeForce RTX 3070 Ti 8 GB SUPRIM X,178500,GeForce RTX 3070 Ti,8 GB,1575 MHz,1875 MHz,Black / Silver
XFX Radeon RX 5700 XT 8 GB Triple Dissipation,81500,Radeon RX 5700 XT,8 GB,1605 MHz,1905 MHz,Black
Zotac GeForce RTX 3070 8 GB GAMING AMP Holo,159000,GeForce RTX 3070,8 GB,1500 MHz,1785 MHz,Silver / Black
Gigabyte GeForce RTX 3070 Ti 8 GB EAGLE OC,172000,GeForce RTX 3070 Ti,8 GB,1575 MHz,1800 MHz,Black
XFX Radeon RX 5600 XT 6 GB RAW II,61500,Radeon RX 5600 XT,6 GB,1247 MHz,1620 MHz,Black
Gigabyte GeForce RTX 3080 Ti 12 GB EAGLE OC,252500,GeForce RTX 3080 Ti,12 GB,1365 MHz,1770 MHz,Black
MSI GeForce RTX 2070 8 GB GAMING Z,118000,GeForce RTX 2070,8 GB,1410 MHz,1830 MHz,Black
EVGA GeForce GTX 1080 8 GB SC GAMING,115700,GeForce GTX 1080,8 GB,1708 MHz,1847 MHz,Black / Silver
Gigabyte GeForce RTX 2060 SUPER 8 GB GAMING OC 3X WHITE,95000,GeForce RTX 2060 SUPER,8 GB,1650 MHz,1815 MHz,White / Black
Inno3D GeForce RTX 3060 Ti 8 GB Twin X2,158500,GeForce RTX 3060 Ti,8 GB,1410 MHz,1665 MHz,Black
Gigabyte GeForce GTX 1080 8 GB XTREME,112000,GeForce GTX 1080,8 GB,1759 MHz,1936 MHz,Black / Silver
Asus GeForce GTX 1060 6GB 6 GB STRIX,58000,GeForce GTX 1060 6GB,6 GB,1620 MHz,1873 MHz,Black
MSI Radeon RX 5500 XT 8 GB GAMING X,86900,Radeon RX 5500 XT,8 GB,1685 MHz,1845 MHz,Black / Red
MSI GeForce GTX 1080 8 GB AERO,114000,GeForce GTX 1080,8 GB,1632 MHz,1771 MHz,Black / Silver
ASRock Radeon RX 5600 XT 6 GB Challenger Pro OC,158200,Radeon RX 5600 XT,6 GB,1420 MHz,1750 MHz,Black
ASRock Radeon RX 580 8 GB Phantom Gaming X,113200,Radeon RX 580,8 GB,1257 MHz,1380 MHz,Black / Silver
Inno3D GeForce GTX 1660 Ti 6 GB Twin X2,104500,GeForce GTX 1660 Ti,6 GB,1500 MHz,1770 MHz,Black
Inno3D GeForce RTX 3080 Ti 12 GB iChill X4,250600,GeForce RTX 3080 Ti,12 GB,1365 MHz,1710 MHz,Black / Silver
Gigabyte GeForce RTX 3070 8 GB EAGLE OC,160000,GeForce RTX 3070,8 GB,1500 MHz,1770 MHz,Black / Silver
Sapphire Radeon RX 480 8 GB NITRO+,58000,Radeon RX 480,8 GB,1208 MHz,1342 MHz,Black
MSI Radeon RX 550 - 512 4 GB AERO ITX OC,30500,Radeon RX 550 - 512,4 GB,1183 MHz,1203 MHz,Black / Silver
XFX Radeon RX 6700 XT 12 GB Speedster MERC 319 Black,120500,Radeon RX 6700 XT,12 GB,2321 MHz,2622 MHz,Black
MSI GeForce GTX 1070 8 GB SEA HAWK X,72000,GeForce GTX 1070,8 GB,1506 MHz,1797 MHz,Black / Silver
Zotac GeForce RTX 3080 10 GB GAMING Trinity OC,229850,GeForce RTX 3080 10GB,10 GB,1440 MHz,1725 MHz,Black
XFX Radeon RX 5700 XT 8 GB THICC II Ultra,79800,Radeon RX 5700 XT,8 GB,1730 MHz,1980 MHz,Black
Asus GeForce RTX 3060 Ti 8 GB DUAL OC,185000,GeForce RTX 3060 Ti,8 GB,1410 MHz,1740 MHz,Black / Silver
Gigabyte Radeon RX 570 8 GB GAMING,64000,Radeon RX 570,8 GB,1244 MHz,1255 MHz,Black / Orange
Gigabyte GeForce RTX 2070 8 GB WINDFORCE,115000,GeForce RTX 2070,8 GB,1620 MHz,Black / Silver,280.35 mm
MSI Radeon RX 6800 XT 16 GB GAMING X TRIO,180000,Radeon RX 6800 XT,16 GB,1850 MHz,2285 MHz,Silver / Black
MSI Radeon RX 6900 XT 16 GB GAMING X TRIO,390000,Radeon RX 6900 XT,16 GB,1825 MHz,2340 MHz,Silver / Black
MSI Radeon RX 5600 XT 6 GB GAMING MX,66000,Radeon RX 5600 XT,6 GB,1280 MHz,1620 MHz,Black / Silver
MSI GeForce GTX 1660 Ti 6 GB VENTUS XS OC,112000,GeForce GTX 1660 Ti,6 GB,1500 MHz,1830 MHz,204 mm
EVGA GeForce GTX 1060 6GB 6 GB SSC GAMING,60000,GeForce GTX 1060 6GB,6 GB,1607 MHz,1835 MHz,Black
MSI GeForce RTX 3080 Ti 12 GB VENTUS 3X OC,262600,GeForce RTX 3080 Ti,12 GB,1365 MHz,1695 MHz,Black / Silver
XFX Radeon RX 5600 XT 6 GB THICC II Pro,64000,Radeon RX 5600 XT,6 GB,1247 MHz,1620 MHz,Black
Asus GeForce RTX 3070 8 GB STRIX OC,164000,GeForce RTX 3070,8 GB,1500 MHz,1935 MHz,White
Asus GeForce RTX 2060 6 GB STRIX GAMING OC,93000,GeForce RTX 2060,6 GB,1365 MHz,1860 MHz,Black
MSI Radeon RX 5700 XT 8 GB MECH OC,79850,Radeon RX 5700 XT,8 GB,1670 MHz,1925 MHz,Black
ASRock Radeon RX 590 8 GB Phantom Gaming X,115000,Radeon RX 590,8 GB,1469 MHz,1560 MHz,Black / Red
KFA2 GeForce RTX 2080 SUPER 8 GB EX,190000,GeForce RTX 2080 SUPER,8 GB,1650 MHz,1860 MHz,Black
Gigabyte GeForce GTX 1660 6 GB OC,80000,GeForce GTX 1660,6 GB,1530 MHz,1785 MHz,Black / Gray
MSI Radeon RX 580 4 GB ARMOR OC,38000,Radeon RX 580,4 GB,1257 MHz,1366 MHz,Black / White
Asus GeForce GTX 1650 G5 4 GB DUAL OC,56000,GeForce GTX 1650 G5,4 GB,1485 MHz,1755 MHz,Silver / Black
Asus GeForce GTX 1650 SUPER 4 GB Phoenix OC,70000,GeForce GTX 1650 SUPER,4 GB,1530 MHz,1770 MHz,Black / White
Sapphire Radeon R9 270X 2 GB Vapor-X,22500,Radeon R9 270X,2 GB,1050 MHz,1100 MHz,Black / Blue
Gigabyte GeForce RTX 2070 SUPER 8 GB GAMING OC,135000,GeForce RTX 2070 SUPER,8 GB,1605 MHz,1815 MHz,Black
XFX Radeon RX 580 4 GB GTS XXX,35900,Radeon RX 580,4 GB,1257 MHz,1386 MHz,270 mm
Gigabyte GeForce GTX 1060 6GB 6 GB GAMING,67000,GeForce GTX 1060 6GB,6 GB,1594 MHz,1847 MHz,Black / Orange
MSI GeForce RTX 3080 10 GB GAMING TRIO,226500,GeForce RTX 3080 10GB,10 GB,1440 MHz,Black,323 mm
Gigabyte GeForce RTX 3080 10 GB AORUS XTREME WATERFORCE,222000,GeForce RTX 3080 10GB,10 GB,1440 MHz,1845 MHz,Black / Silver
Asus GeForce RTX 3060 Ti 8 GB DUAL,180000,GeForce RTX 3060 Ti,8 GB,1410 MHz,1695 MHz,Black / Silver
MSI GeForce GTX 1060 3GB 3 GB ARMOR OCV1,38000,GeForce GTX 1060 3GB,3 GB,1544 MHz,1759 MHz,Black / White
EVGA GeForce RTX 2080 8 GB Black,168600,GeForce RTX 2080,8 GB,1515 MHz,1710 MHz,Clear / Black
EVGA GeForce GTX 1060 6GB 6 GB GAMING,60000,GeForce GTX 1060 6GB,6 GB,1506 MHz,1708 MHz,Black / Gray
Gigabyte Radeon RX 5700 XT 8 GB AORUS,77550,Radeon RX 5700 XT,8 GB,1770 MHz,2010 MHz,Black
MSI Radeon RX VEGA 64 8 GB AIR BOOST OC,90000,Radeon RX VEGA 64,8 GB,1272 MHz,1575 MHz,Black / Red
EVGA GeForce RTX 3090 24 GB FTW3 ULTRA HYBRID GAMING,342000,GeForce RTX 3090,24 GB,1395 MHz,1800 MHz,Black
MSI Radeon RX 570 8 GB ARMOR OC,81000,Radeon RX 570,8 GB,1168 MHz,1268 MHz,Black / White
PowerColor Radeon RX 580 8 GB Red Dragon,85000,Radeon RX 580,8 GB,1257 MHz,1350 MHz,Black / Red
Gigabyte GeForce RTX 2070 8 GB GAMING OC,115900,GeForce RTX 2070,8 GB,1620 MHz,1740 MHz,White / Black
EVGA GeForce GTX 770 2 GB ACX,22500,GeForce GTX 770,2 GB,1046 MHz,Black / Gold,267 mm
MSI GeForce RTX 3070 Ti 8 GB VENTUS 3X OC,182000,GeForce RTX 3070 Ti,8 GB,1575 MHz,1800 MHz,Black / Silver
NVIDIA GeForce RTX 2080 SUPER 8 GB Founders Edition,185000,GeForce RTX 2080 SUPER,8 GB,1650 MHz,1815 MHz,Silver
Gigabyte Radeon RX 6800 XT 16 GB GAMING OC,175900,Radeon RX 6800 XT,16 GB,1825 MHz,2285 MHz,Black / Silver
MSI GeForce RTX 2060 SUPER 8 GB VENTUS GP OC,98000,GeForce RTX 2060 SUPER,8 GB,1470 MHz,1665 MHz,Silver / Black
Asus GeForce GTX 1060 3GB 3 GB DUAL,39000,GeForce GTX 1060 3GB,3 GB,1594 MHz,1809 MHz,White
Zotac GeForce RTX 2080 Ti 11 GB Twin,252600,GeForce RTX 2080 Ti,11 GB,1350 MHz,1545 MHz,Black
Asus GeForce RTX 2080 SUPER 8 GB STRIX GAMING OC,185000,GeForce RTX 2080 SUPER,8 GB,1650 MHz,1890 MHz,White
Palit GeForce GTX 1080 8 GB Super JetStream,110200,GeForce GTX 1080,8 GB,1708 MHz,1847 MHz,Black / Gray
Asus GeForce GTX 1660 SUPER 6 GB STRIX GAMING Advanced,86500,GeForce GTX 1660 SUPER,6 GB,1530 MHz,1845 MHz,Black / Silver
EVGA GeForce GTX 1080 Ti 11 GB Founders Edition,180000,GeForce GTX 1080 Ti,11 GB,1480 MHz,1582 MHz,Black / Silver
MSI Radeon RX 560 - 1024 4 GB AERO ITX,32700,Radeon RX 560 - 1024,4 GB,1196 MHz,1275 MHz,Black / White
MSI GeForce GTX 1070 8 GB AERO,69000,GeForce GTX 1070,8 GB,1531 MHz,1721 MHz,Black / Silver
EVGA GeForce GTX 1070 8 GB Black,69000,GeForce GTX 1070,8 GB,1506 MHz,1683 MHz,Black / Silver
Sapphire Radeon RX 6900 XT 16 GB NITRO+,385000,Radeon RX 6900 XT,16 GB,1825 MHz,2285 MHz,Black / Silver
Palit GeForce RTX 3070 Ti 8 GB GamingPro,162000,GeForce RTX 3070 Ti,8 GB,1575 MHz,1770 MHz,Black / Silver
Asus GeForce RTX 2070 SUPER 8 GB DUAL EVO OC,144000,GeForce RTX 2070 SUPER,8 GB,1635 MHz,1845 MHz,Black
MSI GeForce GTX 1050 Ti 4 GB GAMING X,49000,GeForce GTX 1050 Ti,4 GB,1290 MHz,1493 MHz,Black / Red
Gigabyte GeForce RTX 2080 Ti 11 GB AORUS XTREME,256900,GeForce RTX 2080 Ti,11 GB,1350 MHz,1770 MHz,Black
Asus GeForce GTX 1070 Ti 8 GB Turbo,124200,GeForce GTX 1070 Ti,8 GB,1607 MHz,1721 MHz,267 mm
EVGA GeForce GTX 960 2 GB SSC ACX 2.0+,22500,GeForce GTX 960,2 GB,1279 MHz,1342 MHz,Black
KFA2 GeForce RTX 3080 10 GB SG,225000,GeForce RTX 3080 10GB,10 GB,1440 MHz,1725 MHz,Black
Asus Radeon RX 6700 XT 12 GB TUF GAMING OC,125000,Radeon RX 6700 XT,12 GB,2321 MHz,Black,322 mm
MSI GeForce GTX 1080 8 GB ARMOR,114900,GeForce GTX 1080,8 GB,1657 MHz,1797 MHz,Black / White
Asus GeForce RTX 2060 6 GB DUAL OC,93000,GeForce RTX 2060,6 GB,1365 MHz,1785 MHz,Black / Silver
Asus GeForce GTX 1050 Ti 4 GB CERBERUS,54000,GeForce GTX 1050 Ti,4 GB,1341 MHz,1480 MHz,Black / Red
Asus Radeon RX 570 8 GB STRIX GAMING OC,68000,Radeon RX 570,8 GB,1168 MHz,1310 MHz,Black
PowerColor Radeon RX 6700 XT 12 GB Hellhound Spectral,110500,Radeon RX 6700 XT,12 GB,2321 MHz,2581 MHz,White
MSI GeForce RTX 2070 8 GB VENTUS GP,125200,GeForce RTX 2070,8 GB,1410 MHz,1620 MHz,Silver / Black
Asus GeForce RTX 3090 24 GB ROG STRIX WHITE OC,345000,GeForce RTX 3090,24 GB,1395 MHz,1890 MHz,White / Black
EVGA GeForce RTX 2080 Ti 11 GB XC GAMING,253500,GeForce RTX 2080 Ti,11 GB,1350 MHz,1635 MHz,Black / Clear
Gigabyte GeForce RTX 3060 Ti  8 GB GAMING OC Rev 2,168000,GeForce RTX 3060 Ti LHR,8 GB,1410 MHz,1740 MHz,Black
EVGA GeForce GTX 1080 Ti 11 GB Gaming iCX,190500,GeForce GTX 1080 Ti,11 GB,1569 MHz,1683 MHz,Silver
MSI GeForce RTX 2080 SUPER 8 GB GAMING X TRIO,192000,GeForce RTX 2080 SUPER,8 GB,1650 MHz,1845 MHz,Silver / Black
MSI Radeon RX 570 4 GB ARMOR OC,35000,Radeon RX 570,4 GB,1168 MHz,1244 MHz,Black / White
GALAX GeForce RTX 3060 Ti 8 GB EX White (1-Click OC),162500,GeForce RTX 3060 Ti,8 GB,1410 MHz,1710 MHz,White / Gray
EVGA GeForce RTX 3080 Ti 12 GB XC3 ULTRA HYBRID GAMING,252800,GeForce RTX 3080 Ti,12 GB,1365 MHz,1725 MHz,Black
PNY GeForce RTX 3080 Ti 12 GB XLR8 Gaming UPRISING EPIC-X RGB,219800,GeForce RTX 3080 Ti,12 GB,1365 MHz,1665 MHz,Black / Silver
MSI GeForce RTX 3080  10 GB GAMING Z TRIO,232500,GeForce RTX 3080 10GB LHR,10 GB,1440 MHz,1830 MHz,Black
MSI Radeon RX 5700 XT 8 GB MECH,75000,Radeon RX 5700 XT,8 GB,1605 MHz,1905 MHz,Black
Asus GeForce RTX 2060 SUPER 8 GB DUAL EVO OC,99000,GeForce RTX 2060 SUPER,8 GB,1500 MHz,1725 MHz,Black
MSI GeForce RTX 2070 8 GB ARMOR,120000,GeForce RTX 2070,8 GB,1410 MHz,1740 MHz,Black / Silver
ASRock Radeon RX 570 8 GB Phantom Gaming X,125650,Radeon RX 570,8 GB,1228 MHz,1331 MHz,Black / Silver
MSI GeForce RTX 3060 12 GB VENTUS 2X OC,135000,GeForce RTX 3060,12 GB,1320 MHz,1807 MHz,Black
Asus GeForce RTX 2070 8 GB STRIX GAMING,117000,GeForce RTX 2070,8 GB,1410 MHz,1650 MHz,Black
Gigabyte GeForce GTX 1650 SUPER 4 GB OC,83600,GeForce GTX 1650 SUPER,4 GB,1530 MHz,1740 MHz,Black
MSI GeForce GTX 1060 3GB 3 GB GT OC,41500,GeForce GTX 1060 3GB,3 GB,1544 MHz,1759 MHz,Black / White
Gigabyte GeForce GTX 1080 8 GB MINI ITX,106000,GeForce GTX 1080,8 GB,1607 MHz,1771 MHz,169 mm
EVGA GeForce RTX 2070 SUPER 8 GB XC ULTRA GAMING,137000,GeForce RTX 2070 SUPER,8 GB,1605 MHz,1800 MHz,Transparent
EVGA GeForce GTX 980 Ti 6 GB Classified ACX 2.0+,58950,GeForce GTX 980 Ti,6 GB,1190 MHz,1291 MHz,Black / Silver
EVGA GeForce RTX 2060 SUPER 8 GB SC ULTRA GAMING,101000,GeForce RTX 2060 SUPER,8 GB,1470 MHz,1680 MHz,Black
Gigabyte GeForce RTX 2080 SUPER 8 GB WINDFORCE OC,192500,GeForce RTX 2080 SUPER,8 GB,1650 MHz,1830 MHz,Black
Zotac GeForce RTX 3090 24 GB GAMING Trinity,342000,GeForce RTX 3090,24 GB,1395 MHz,1695 MHz,Black
MSI GeForce GTX 1650 G5 4 GB GT LP,77000,GeForce GTX 1650 G5,4 GB,1485 MHz,1665 MHz,Black
Zotac GeForce RTX 3060 Ti 8 GB Twin Edge,165000,GeForce RTX 3060 Ti,8 GB,1410 MHz,1665 MHz,Black
MSI GeForce GTX 960 2 GB GAMING,25000,GeForce GTX 960,2 GB,1216 MHz,1279 MHz,Black / Red
PowerColor Radeon RX 5600 XT 6 GB Red Devil,62500,Radeon RX 5600 XT,6 GB,1247 MHz,1750 MHz,Black / Silver
Asus GeForce RTX 2060 6 GB STRIX GAMING,93000,GeForce RTX 2060,6 GB,1365 MHz,1680 MHz,Black
Asus GeForce GTX 980 4 GB STRIX,44000,GeForce GTX 980,4 GB,1178 MHz,1279 MHz,Black / Red
Gigabyte GeForce RTX 2080 SUPER 8 GB AORUS,199500,GeForce RTX 2080 SUPER,8 GB,1650 MHz,1860 MHz,Black
Asus GeForce RTX 2070 8 GB Turbo,122000,GeForce RTX 2070,8 GB,1410 MHz,1650 MHz,Black / Silver
Zotac GeForce RTX 3090 24 GB GAMING AMP Core Holo,342000,GeForce RTX 3090,24 GB,1395 MHz,1755 MHz,Black
MSI GeForce GTX 1080 8 GB ARMOR OC,125000,GeForce GTX 1080,8 GB,1657 MHz,1797 MHz,Black / White
Gigabyte GeForce GTX 1080 Ti 11 GB AORUS,188000,GeForce GTX 1080 Ti,11 GB,1594 MHz,1708 MHz,Black / Orange
Gigabyte GeForce RTX 2070 8 GB XTREME,125900,GeForce RTX 2070,8 GB,1620 MHz,1815 MHz,Black / Silver
Gigabyte GeForce RTX 2060 SUPER 8 GB WINDFORCE OC,106000,GeForce RTX 2060 SUPER,8 GB,1470 MHz,1680 MHz,Black
NVIDIA GeForce GTX 980 4 GB 9001G4012500000,36000,GeForce GTX 980,4 GB,1126 MHz,1216 MHz,Black / Silver
Gigabyte Radeon RX 560 - 1024 4 GB OC,28000,Radeon RX 560 - 1024,4 GB,1176 MHz,1199 MHz,Black / Orange
Asus Radeon RX VEGA 56 8 GB ROG STRIX,74000,Radeon RX VEGA 56,8 GB,1297 MHz,1573 MHz,298 mm
ASRock Radeon RX 6700 XT 12 GB Challenger D,107800,Radeon RX 6700 XT,12 GB,2321 MHz,2581 MHz,Black
MSI GeForce GTX 1070 Ti 8 GB AERO,118000,GeForce GTX 1070 Ti,8 GB,1607 MHz,1683 MHz,Black / White
EVGA GeForce GTX 1080 Ti 11 GB GAMING,189200,GeForce GTX 1080 Ti,11 GB,1480 MHz,1582 MHz,Black / Silver
MSI Radeon RX 6700 XT 12 GB MECH 2X OC,108650,Radeon RX 6700 XT,12 GB,2321 MHz,Black / Silver,247 mm
MSI GeForce GTX 980 Ti 6 GB GAMING,51500,GeForce GTX 980 Ti,6 GB,1178 MHz,1279 MHz,Black / Red
MSI GeForce GTX 1070 8 GB AERO ITX OC,69000,GeForce GTX 1070,8 GB,1531 MHz,1721 MHz,Black / White
MSI GeForce GTX 1080 Ti 11 GB GAMING X,188000,GeForce GTX 1080 Ti,11 GB,1569 MHz,1683 MHz,Black / Red
MSI GeForce GTX 1050 Ti 4 GB AERO ITX,46000,GeForce GTX 1050 Ti,4 GB,1341 MHz,1455 MHz,Black / White
Asus Radeon RX 6900 XT 16 GB TUF GAMING OC,190000,Radeon RX 6900 XT,16 GB,1825 MHz,2340 MHz,Black
Asus GeForce GTX 1070 8 GB Dual Series,67500,GeForce GTX 1070,8 GB,1582 MHz,1797 MHz,White
Gigabyte GeForce RTX 3080 10 GB EAGLE OC,230000,GeForce RTX 3080 10GB,10 GB,1440 MHz,1755 MHz,Black
Zotac GeForce RTX 3060 12 GB GAMING Twin Edge,118000,GeForce RTX 3060,12 GB,1320 MHz,1777 MHz,Black
PowerColor Radeon R7 260X 2 GB TurboDuo,18000,Radeon R7 260X,2 GB,1160 MHz,Black / Red,220 mm
Gigabyte GeForce RTX 3060 Ti 8 GB AORUS MASTER,168000,GeForce RTX 3060 Ti,8 GB,1410 MHz,1800 MHz,Black
Gigabyte GeForce RTX 2080 Ti 11 GB GAMING OC,252600,GeForce RTX 2080 Ti,11 GB,1350 MHz,286.5 mm,0
EVGA GeForce GTX 1070 8 GB ACX 3,69000,GeForce GTX 1070,8 GB,1506 MHz,1683 MHz,Black / Silver
EVGA GeForce RTX 2080 Ti 11 GB XC ULTRA GAMING,249500,GeForce RTX 2080 Ti,11 GB,1350 MHz,1650 MHz,Black / Clear
EVGA GeForce RTX 3080 Ti 12 GB XC3 GAMING,262500,GeForce RTX 3080 Ti,12 GB,1365 MHz,1665 MHz,Black
NVIDIA GeForce GTX 1080 8 GB Founders Edition,119000,GeForce GTX 1080,8 GB,1607 MHz,1733 MHz,Black / Silver
Gigabyte GeForce GTX 1070 8 GB GAMING,62500,GeForce GTX 1070,8 GB,1594 MHz,1822 MHz,Black / Orange
MSI Radeon RX 5600 XT 6 GB MECH OC,54800,Radeon RX 5600 XT,6 GB,1185 MHz,1600 MHz,Black / Silver
Zotac GeForce RTX 2060 6 GB GAMING,89000,GeForce RTX 2060,6 GB,1365 MHz,1680 MHz,Black
Zotac GeForce GTX 1650 G5 4 GB GAMING OC,59000,GeForce GTX 1650 G5,4 GB,1485 MHz,1695 MHz,Black / Silver
Asus Radeon RX 580 4 GB DUAL,70000,Radeon RX 580,4 GB,1257 MHz,1380 MHz,Black / White
MSI GeForce GTX 1650 G5 4 GB GT LP OC,80500,GeForce GTX 1650 G5,4 GB,1485 MHz,1695 MHz,Black
GALAX GeForce RTX 3070 Ti 8 GB SG (1-Click OC),175000,GeForce RTX 3070 Ti,8 GB,1575 MHz,1815 MHz,Black
Sapphire Radeon RX 570 4 GB PULSE UEFI,35000,Radeon RX 570,4 GB,1168 MHz,1284 MHz,Black
Gigabyte GeForce GTX 1070 Ti 8 GB AORUS,65000,GeForce GTX 1070 Ti,8 GB,1683 MHz,1771 MHz,Black / Orange
MSI GeForce RTX 2060 6 GB GAMING,90500,GeForce RTX 2060,6 GB,1365 MHz,1680 MHz,Silver / Black
XFX Radeon R9 390X 8 GB DD,59000,Radeon R9 390X,8 GB,1050 MHz,Black / Silver,295 mm
Gigabyte GeForce GTX 1660 Ti 6 GB WINDFORCE OC,106000,GeForce GTX 1660 Ti,6 GB,1500 MHz,1845 MHz,Black / Gray
EVGA GeForce RTX 2060 6 GB KO GAMING,91500,GeForce RTX 2060,6 GB,1365 MHz,1680 MHz,Gray / Black
GALAX GeForce RTX 2060 SUPER 8 GB EX,88000,GeForce RTX 2060 SUPER,8 GB,1470 MHz,1710 MHz,Black / Clear
Palit GeForce RTX 2080 Ti 11 GB Dual,160000,GeForce RTX 2080 Ti,11 GB,1350 MHz,1545 MHz,Black / Gold
Asus GeForce RTX 3080 10 GB STRIX GAMING,212000,GeForce RTX 3080 10GB,10 GB,1440 MHz,1740 MHz,Black
EVGA GeForce RTX 2080 8 GB FTW3 ULTRA HYBRID GAMING,165000,GeForce RTX 2080,8 GB,1515 MHz,1860 MHz,Black / Clear
Asus GeForce RTX 3070 Ti 8 GB ROG STRIX GAMING,172800,GeForce RTX 3070 Ti,8 GB,1575 MHz,Black / Silver,318.5 mm
XFX Radeon R9 280X 3 GB DD,30000,Radeon R9 280X,3 GB,1080 MHz,Black / Silver,294 mm
Gigabyte Radeon RX 550 - 512 2 GB GAMING,19000,Radeon RX 550 - 512,2 GB,1100 MHz,1219 MHz,Black / Orange
GALAX GeForce RTX 2070 8 GB EX,120000,GeForce RTX 2070,8 GB,1620 MHz,1665 MHz,Black / Clear
EVGA GeForce GTX 1070 8 GB Gaming iCX,69000,GeForce GTX 1070,8 GB,1506 MHz,1683 MHz,White / Black
EVGA GeForce GTX 1650 G6 4 GB SC ULTRA GAMING,60000,GeForce GTX 1650 G6,4 GB,1410 MHz,1710 MHz,Black
EVGA GeForce RTX 2080 SUPER 8 GB FTW3 ULTRA GAMING,174000,GeForce RTX 2080 SUPER,8 GB,1650 MHz,1845 MHz,Transparent / Black
NVIDIA GeForce RTX 2080 8 GB Founders Edition,179000,GeForce RTX 2080,8 GB,1515 MHz,1800 MHz,Black / Silver
Asus GeForce GTX 760 2 GB DirectCU II,25000,GeForce GTX 760,2 GB,1006 MHz,Black / Red,218 mm
Asus GeForce RTX 2080 8 GB STRIX GAMING OC,173000,GeForce RTX 2080,8 GB,1515 MHz,1890 MHz,297.7 mm
Zotac GeForce RTX 2060 6 GB GAMING AMP,88500,GeForce RTX 2060,6 GB,1365 MHz,1800 MHz,Silver / Black
Palit GeForce GTX 1660 SUPER 6 GB StormX,80500,GeForce GTX 1660 SUPER,6 GB,1530 MHz,1785 MHz,168 mm
EVGA GeForce GTX 1080 8 GB FTW DT GAMING,115000,GeForce GTX 1080,8 GB,1607 MHz,1733 MHz,Black / Gray
PowerColor Radeon RX 6700 XT 12 GB Hellhound,112500,Radeon RX 6700 XT,12 GB,2321 MHz,2581 MHz,Black
Asus GeForce GTX 1060 6GB 6 GB Turbo,62000,GeForce GTX 1060 6GB,6 GB,1506 MHz,1708 MHz,Black
EVGA GeForce GTX 1650 G5 4 GB XC BLACK GAMING,60000,GeForce GTX 1650 G5,4 GB,1485 MHz,1665 MHz,Black
Asus Radeon RX 580 8 GB DUAL,70000,Radeon RX 580,8 GB,1257 MHz,1380 MHz,Black / Silver
Sapphire Radeon RX 5500 XT 8 GB PULSE,88500,Radeon RX 5500 XT,8 GB,1607 MHz,1845 MHz,Black
Zotac GeForce GTX 1070 8 GB MINI,61000,GeForce GTX 1070,8 GB,1518 MHz,1708 MHz,Black / Silver
MSI GeForce GTX 560 Ti 448 1.25 GB TWIN FROZR III PE,15000,GeForce GTX 560 Ti 448,1.25 GB,Black / Silver,0,0
MSI GeForce RTX 2080 Ti 11 GB GAMING X TRIO,262000,GeForce RTX 2080 Ti,11 GB,1350 MHz,1755 MHz,Black
MSI GeForce RTX 2080 8 GB VENTUS,180000,GeForce RTX 2080,8 GB,1515 MHz,1710 MHz,Silver / Black
Gigabyte GeForce GTX 1660 6 GB GAMING OC,80000,GeForce GTX 1660,6 GB,1530 MHz,1860 MHz,Black / Gray
MSI GeForce GTX 1650 G6 4 GB D6 GAMING X,76500,GeForce GTX 1650 G6,4 GB,1410 MHz,1710 MHz,Black
ASRock Radeon RX 6700 XT 12 GB Phantom Gaming D OC,107800,Radeon RX 6700 XT,12 GB,2457 MHz,2622 MHz,Silver / Black
MSI GeForce GTX 1080 Ti 11 GB GAMING X TRIO,196000,GeForce GTX 1080 Ti,11 GB,1569 MHz,1683 MHz,325 mm
EVGA GeForce GTX 980 4 GB Superclocked,32000,GeForce GTX 980,4 GB,1241 MHz,1342 MHz,Black / Silver
MSI GeForce RTX 2070 8 GB AERO,118000,GeForce RTX 2070,8 GB,1410 MHz,1620 MHz,Black / Green
NVIDIA GeForce RTX 2080 Ti 11 GB Founders Edition,255300,GeForce RTX 2080 Ti,11 GB,1350 MHz,1635 MHz,267 mm
Asus GeForce RTX 2080 SUPER 8 GB STRIX GAMING Advanced,182000,GeForce RTX 2080 SUPER,8 GB,1650 MHz,1860 MHz,Black
Zotac GeForce GTX 1080 8 GB MINI,109000,GeForce GTX 1080,8 GB,1620 MHz,1759 MHz,Black
Asus GeForce RTX 2070 SUPER 8 GB STRIX GAMING,144000,GeForce RTX 2070 SUPER,8 GB,1635 MHz,1800 MHz,Black
Asus Radeon RX 5500 XT 8 GB DUAL EVO OC,82600,Radeon RX 5500 XT,8 GB,1607 MHz,1865 MHz,Black
Sapphire Radeon R9 390 8 GB NITRO,63000,Radeon R9 390,8 GB,1040 MHz,Black / Silver,308 mm
EVGA GeForce RTX 2070 SUPER 8 GB XC GAMING,142500,GeForce RTX 2070 SUPER,8 GB,1605 MHz,1800 MHz,Transparent
Gigabyte GeForce RTX 2070 SUPER 8 GB AORUS,140500,GeForce RTX 2070 SUPER,8 GB,1605 MHz,1905 MHz,Black
EVGA GeForce GTX 1070 Ti 8 GB FTW ULTRA SILENT GAMING,115000,GeForce GTX 1070 Ti,8 GB,1607 MHz,1683 MHz,Black / Silver
Gigabyte Radeon RX 5600 XT 6 GB GAMING OC,60000,Radeon RX 5600 XT,6 GB,1247 MHz,1620 MHz,Black / Silver
XFX Radeon RX 5700 XT 8 GB THICC III Ultra,73500,Radeon RX 5700 XT,8 GB,1810 MHz,2025 MHz,Black / White
MSI GeForce GTX 760 2 GB TWIN FROZR,25000,GeForce GTX 760,2 GB,1085 MHz,Black / Red,260 mm
EVGA GeForce GTX 980 Ti 6 GB Superclocked ACX 2.0+,50400,GeForce GTX 980 Ti,6 GB,1102 MHz,1190 MHz,Black / Silver
EVGA GeForce GTX 1080 Ti 11 GB Black Edition,180000,GeForce GTX 1080 Ti,11 GB,1480 MHz,1582 MHz,Black
EVGA GeForce GTX 1080 8 GB FTW3 HYBRID GAMING,117000,GeForce GTX 1080,8 GB,1721 MHz,1860 MHz,Black / Silver
Asus GeForce RTX 2070 SUPER 8 GB DUAL EVO Advanced,144000,GeForce RTX 2070 SUPER,8 GB,1635 MHz,1815 MHz,Black
EVGA GeForce GTX 1080 8 GB ACX 3,113000,GeForce GTX 1080,8 GB,1607 MHz,1733 MHz,Black / Silver
Palit GeForce RTX 2060 SUPER 8 GB JetStream,82000,GeForce RTX 2060 SUPER,8 GB,1470 MHz,1830 MHz,Silver / Black
Asus Radeon R9 280X 3 GB DirectCU II,25000,Radeon R9 280X,3 GB,1070 MHz,Black / Red,284 mm
XFX Radeon R9 270X 2 GB DD,21000,Radeon R9 270X,2 GB,1100 MHz,Black / Silver,261 mm
Gigabyte GeForce RTX 3060 Ti 8 GB EAGLE,168000,GeForce RTX 3060 Ti,8 GB,1410 MHz,1665 MHz,Black
EVGA GeForce RTX 3080 10 GB XC3 BLACK GAMING,212000,GeForce RTX 3080 10GB LHR,10 GB,1440 MHz,1710 MHz,Black
MSI GeForce GTX 1080 8 GB DUKE OC,125000,GeForce GTX 1080,8 GB,1708 MHz,1847 MHz,Black / Beige
EVGA GeForce RTX 3080 10 GB FTW3 GAMING,212000,GeForce RTX 3080 10GB,10 GB,1440 MHz,1755 MHz,Black / Red
Asus Radeon RX 5700 XT 8 GB TUF Gaming X3 EVO OC,72000,Radeon RX 5700 XT,8 GB,1605 MHz,1980 MHz,Black
Inno3D GeForce GTX 1650 SUPER 4 GB Twin X2 OC,80500,GeForce GTX 1650 SUPER,4 GB,1530 MHz,1755 MHz,Black
EVGA GeForce RTX 3090 24 GB XC3 ULTRA HYBRID GAMING,342000,GeForce RTX 3090,24 GB,1395 MHz,1725 MHz,Black
Zotac GeForce RTX 2070 8 GB GAMING AMP,122300,GeForce RTX 2070,8 GB,1410 MHz,1740 MHz,Black
MSI GeForce GTX 1650 SUPER 4 GB VENTUS XS OC,82000,GeForce GTX 1650 SUPER,4 GB,1530 MHz,1740 MHz,Black / Silver
Gigabyte GeForce GTX 980 Ti 6 GB XTREME,52000,GeForce GTX 980 Ti,6 GB,1000 MHz,1075 MHz,Black / Silver
Asus GeForce GTX 1080 8 GB STRIX,115000,GeForce GTX 1080,8 GB,1759 MHz,1936 MHz,Black
EVGA GeForce GTX 960 4 GB Superclocked,30500,GeForce GTX 960,4 GB,1216 MHz,1279 MHz,Black / Silver
Zotac GeForce GTX 1080 Ti 11 GB AMP Extreme Core,180000,GeForce GTX 1080 Ti,11 GB,1607 MHz,1721 MHz,Black / Silver
Gigabyte Radeon RX 570 4 GB AORUS,32000,Radeon RX 570,4 GB,1168 MHz,1295 MHz,Black / Orange
Zotac GeForce GTX 1660 SUPER 6 GB GAMING AMP,85000,GeForce GTX 1660 SUPER,6 GB,1530 MHz,1845 MHz,Black
Gigabyte GeForce RTX 2070 8 GB WINDFORCE 2X,125600,GeForce RTX 2070,8 GB,1410 MHz,1620 MHz,Black
MSI GeForce GTX 950 2 GB GAMING,25500,GeForce GTX 950,2 GB,1127 MHz,1317 MHz,Black / Red
Gigabyte GeForce GTX 1650 G6 4 GB OC Low Profile,56000,GeForce GTX 1650 G6,4 GB,1410 MHz,1620 MHz,Black
EVGA GeForce RTX 2060 6 GB GAMING,85000,GeForce RTX 2060,6 GB,1365 MHz,1680 MHz,Black / Silver
Palit GeForce RTX 3060 12 GB StormX OC,120000,GeForce RTX 3060,12 GB,1320 MHz,Black,170 mm
Gigabyte Radeon RX 470 4 GB GAMING,32500,Radeon RX 470,4 GB,926 MHz,1230 MHz,Black / Orange
MSI GeForce GTX 1080 Ti 11 GB SEA HAWK X,196000,GeForce GTX 1080 Ti,11 GB,1569 MHz,1683 MHz,Black
Zotac GeForce GTX 1660 Ti 6 GB GAMING AMP,109500,GeForce GTX 1660 Ti,6 GB,1500 MHz,1860 MHz,Black
KFA2 GeForce RTX 3060 12 GB EX (1-Click OC),120500,GeForce RTX 3060,12 GB,1320 MHz,1822 MHz,Black
MSI GeForce RTX 2080 8 GB GAMING X TRIO,178900,GeForce RTX 2080,8 GB,1515 MHz,1860 MHz,Black
MSI GeForce GTX 1060 3GB 3 GB AERO ITX OC,38000,GeForce GTX 1060 3GB,3 GB,1544 MHz,1759 MHz,Black / White
Zotac GeForce GTX 1070 8 GB AMP,65100,GeForce GTX 1070,8 GB,1607 MHz,1797 MHz,Black
Asus GeForce GTX 1660 SUPER 6 GB DUAL EVO OC,82500,GeForce GTX 1660 SUPER,6 GB,1530 MHz,1860 MHz,Black
Palit GeForce RTX 2060 6 GB GamingPro,82600,GeForce RTX 2060,6 GB,1365 MHz,1680 MHz,Black
MSI GeForce RTX 2060 6 GB AERO ITX OC,90000,GeForce RTX 2060,6 GB,1365 MHz,1710 MHz,Black / White
EVGA GeForce GTX 1660 6 GB XC GAMING,79000,GeForce GTX 1660,6 GB,1530 MHz,1830 MHz,Black
Asus GeForce RTX 2060 SUPER 8 GB Turbo EVO,99000,GeForce RTX 2060 SUPER,8 GB,1500 MHz,1680 MHz,Black
Asus GeForce GTX 1080 8 GB Turbo,186000,GeForce GTX 1080,8 GB,1607 MHz,1733 MHz,Black / Silver
XFX Radeon RX 6900 XT 16 GB Speedster MERC 319 Ultra,382500,Radeon RX 6900 XT,16 GB,1925 MHz,2340 MHz,Black
PNY GeForce RTX 3060 Ti 8 GB UPRISING,152000,GeForce RTX 3060 Ti,8 GB,1410 MHz,1665 MHz,Black
Gigabyte GeForce RTX 2080 Ti 11 GB TURBO,235600,GeForce RTX 2080 Ti,11 GB,1350 MHz,1545 MHz,Black / Silver
Sapphire Radeon RX 590 8 GB NITRO+ SE,75000,Radeon RX 590,8 GB,1469 MHz,1560 MHz,Blue / White
Sapphire Radeon HD 7970 GHz Edition 3 GB Vapor-X,29000,Radeon HD 7970 GHz Edition,3 GB,1000 MHz,Black / Silver,285 mm
MSI GeForce RTX 2060 6 GB VENTUS OC,96000,GeForce RTX 2060,6 GB,1365 MHz,1710 MHz,Silver / Black
XFX Radeon RX 5500 XT 8 GB THICC II Pro,80000,Radeon RX 5500 XT,8 GB,1607 MHz,1845 MHz,Black / Red
Inno3D GeForce RTX 3070 Ti 8 GB X3 OC,170000,GeForce RTX 3070 Ti,8 GB,1575 MHz,1785 MHz,Black
EVGA GeForce RTX 2070 8 GB XC GAMING,128500,GeForce RTX 2070,8 GB,1410 MHz,1710 MHz,Clear / Black
EVGA GeForce RTX 2070 8 GB XC BLACK EDITION GAMING,130000,GeForce RTX 2070,8 GB,1410 MHz,1620 MHz,Black / Clear
MSI Radeon RX 5500 XT 8 GB MECH OC,82000,Radeon RX 5500 XT,8 GB,1647 MHz,1845 MHz,Black
Gigabyte GeForce GTX 1650 G6 4 GB WINDFORCE OC,64000,GeForce GTX 1650 G6,4 GB,1410 MHz,1650 MHz,Black / Silver
Gigabyte GeForce GTX 1060 6GB 6 GB MINI ITX OC,60000,GeForce GTX 1060 6GB,6 GB,1531 MHz,1771 MHz,Black / Orange
EVGA GeForce RTX 2070 SUPER 8 GB XC ULTRA+,139900,GeForce RTX 2070 SUPER,8 GB,1605 MHz,1800 MHz,Black
PNY GeForce RTX 3060 12 GB UPRISING,120000,GeForce RTX 3060,12 GB,1320 MHz,Black,258.826 mm
Gigabyte Radeon RX 460 4 GB WINDFORCE,32500,Radeon RX 460,4 GB,1090 MHz,1212 MHz,Black / Orange
Zotac GeForce GTX 980 4 GB AMP Extreme,30000,GeForce GTX 980,4 GB,1291 MHz,1393 MHz,Black / Silver
Palit GeForce RTX 3090 24 GB GamingPro,365000,GeForce RTX 3090,24 GB,1395 MHz,1695 MHz,Black / Silver
MSI GeForce GTX 1080 Ti 11 GB AERO,186000,GeForce GTX 1080 Ti,11 GB,1506 MHz,1620 MHz,Black / Green
Sapphire Radeon RX 6800 XT 16 GB PULSE,182500,Radeon RX 6800 XT,16 GB,1825 MHz,Black / Red,313 mm
MSI GeForce RTX 3080 10 GB VENTUS 3X,225800,GeForce RTX 3080 10GB,10 GB,1440 MHz,Black,305 mm
Asus GeForce GTX 1660 6 GB Phoenix OC,75000,GeForce GTX 1660,6 GB,1530 MHz,1830 MHz,Black / White
EVGA GeForce GTX 1660 Ti 6 GB SC ULTRA GAMING,107500,GeForce GTX 1660 Ti,6 GB,1500 MHz,1845 MHz,Black / Silver
EVGA GeForce RTX 2060 6 GB SC ULTRA GAMING,92000,GeForce RTX 2060,6 GB,1365 MHz,1755 MHz,Black
EVGA GeForce RTX 3070 Ti 8 GB XC3 GAMING,178000,GeForce RTX 3070 Ti,8 GB,1575 MHz,1770 MHz,Black
Zotac GeForce RTX 2070 SUPER 8 GB AMP Extreme,150000,GeForce RTX 2070 SUPER,8 GB,1605 MHz,1830 MHz,Black
EVGA GeForce GT 740 4 GB Superclocked,28000,GeForce GT 740,4 GB,1085 MHz,Black / Silver,153 mm
Gigabyte GeForce RTX 3070 8 GB EAGLE,160000,GeForce RTX 3070,8 GB,1500 MHz,1725 MHz,Black / Silver
EVGA GeForce GTX 980 Ti 6 GB FTW ACX 2.0+,48500,GeForce GTX 980 Ti,6 GB,1190 MHz,1291 MHz,Black / Gold
Gigabyte GeForce GTX 1050 Ti 4 GB OC Low Profile,51000,GeForce GTX 1050 Ti,4 GB,1328 MHz,1442 MHz,Black
ASRock Radeon RX 570 4 GB Phantom Gaming D,102400,Radeon RX 570,4 GB,1168 MHz,1244 MHz,Black
NVIDIA GeForce RTX 2060 6 GB Founders Edition,99800,GeForce RTX 2060,6 GB,1365 MHz,1680 MHz,Silver / Black
EVGA GeForce RTX 2080 SUPER 8 GB GAMING,171800,GeForce RTX 2080 SUPER,8 GB,1650 MHz,1815 MHz,Transparent / Black
Sapphire Radeon RX 6800 XT 16 GB NITRO+,180000,Radeon RX 6800 XT,16 GB,1825 MHz,Black / Silver,310 mm
MSI GeForce GTX 1080 Ti 11 GB ARMOR,185600,GeForce GTX 1080 Ti,11 GB,1480 MHz,1582 MHz,Black / White
Inno3D GeForce RTX 3060 Ti 8 GB iChill X3 RED,158500,GeForce RTX 3060 Ti,8 GB,1410 MHz,1725 MHz,Black / Red
Zotac GeForce GTX 1080 Ti 11 GB Founders Edition,180000,GeForce GTX 1080 Ti,11 GB,1480 MHz,1582 MHz,Black / Silver
Asus GeForce RTX 3080 Ti 12 GB TUF GAMING,261000,GeForce RTX 3080 Ti,12 GB,1365 MHz,1695 MHz,Black
PNY GeForce RTX 3070 Ti 8 GB XLR8 Gaming REVEL EPIC-X RGB,169000,GeForce RTX 3070 Ti,8 GB,1575 MHz,1770 MHz,Black / Silver
Zotac GeForce RTX 3090 24 GB GAMING Trinity OC,342000,GeForce RTX 3090,24 GB,1395 MHz,1710 MHz,Black
Asus GeForce GTX 1060 6GB 6 GB Phoenix Fan,58000,GeForce GTX 1060 6GB,6 GB,1506 MHz,1708 MHz,Black / White
PowerColor Radeon R9 380 4 GB PCS+,22500,Radeon R9 380,4 GB,980 MHz,Black / Red,208 mm
Asus GeForce GTX 770 2 GB DirectCU II,25000,GeForce GTX 770,2 GB,1058 MHz,Black / Red,271 mm
Gigabyte GeForce GTX 1650 G5 4 GB WINDFORCE OC,59500,GeForce GTX 1650 G5,4 GB,1485 MHz,1710 MHz,Black / Silver
PowerColor Radeon RX 5700 XT 8 GB Red Dragon,71900,Radeon RX 5700 XT,8 GB,1650 MHz,1905 MHz,Black
Zotac GeForce GTX 1060 3GB 3 GB MINI,29500,GeForce GTX 1060 3GB,3 GB,1506 MHz,1708 MHz,Black / Gray
Sapphire Radeon RX 6800 16 GB NITRO+,178650,Radeon RX 6800,16 GB,1700 MHz,Black / Silver,310.5 mm
MSI GeForce RTX 2070 8 GB DUKE OC,129000,GeForce RTX 2070,8 GB,1410 MHz,1710 MHz,Black / Silver
EVGA GeForce GTX 770 4 GB Dual FTW ACX,38000,GeForce GTX 770,4 GB,1085 MHz,1137 MHz,Black / Gold
Gigabyte GeForce RTX 3090 24 GB AORUS XTREME,350000,GeForce RTX 3090,24 GB,1395 MHz,1860 MHz,Black
Asus GeForce RTX 2070 8 GB DUAL MINI OC,117000,GeForce RTX 2070,8 GB,1410 MHz,1680 MHz,Black
XFX Radeon RX 6800 16 GB Speedster QICK 319 BLACK,175900,Radeon RX 6800,16 GB,1850 MHz,2190 MHz,Black
Gainward GeForce RTX 2060 6 GB Phoenix GS,95600,GeForce RTX 2060,6 GB,1365 MHz,1680 MHz,Black
MSI GeForce RTX 3070 8 GB VENTUS 2X OC,168000,GeForce RTX 3070,8 GB,1500 MHz,1755 MHz,Black / Silver
Asus GeForce RTX 3060 12 GB DUAL,120000,GeForce RTX 3060,12 GB,1320 MHz,Black,200 mm
EVGA GeForce RTX 2080 8 GB XC GAMING,175600,GeForce RTX 2080,8 GB,1515 MHz,Black / Clear,270 mm
Palit GeForce RTX 3090 24 GB GameRock,365000,GeForce RTX 3090,24 GB,1395 MHz,Silver / Black,304 mm
EVGA GeForce RTX 2070 SUPER 8 GB FTW3 ULTRA+,152650,GeForce RTX 2070 SUPER,8 GB,1605 MHz,1815 MHz,Black
Asus Radeon RX 6800 XT 16 GB STRIX LC GAMING OC,175000,Radeon RX 6800 XT,16 GB,1825 MHz,2360 MHz,Black / Silver
EVGA GeForce RTX 2060 6 GB XC BLACK GAMING,85950,GeForce RTX 2060,6 GB,1365 MHz,1680 MHz,Black
EVGA GeForce GTX 970 4 GB FTW+ ACX 2.0+,36000,GeForce GTX 970,4 GB,1216 MHz,1367 MHz,Black / Blue
Asus GeForce RTX 2080 SUPER 8 GB DUAL EVO OC,182000,GeForce RTX 2080 SUPER,8 GB,1650 MHz,1860 MHz,Black
XFX Radeon RX 480 8 GB RS,38500,Radeon RX 480,8 GB,1120 MHz,1288 MHz,Black
Gigabyte GeForce GTX 1650 G5 4 GB MINI ITX OC,59500,GeForce GTX 1650 G5,4 GB,1665 MHz,1680 MHz,Black / Silver
EVGA GeForce RTX 2080 8 GB XC2 ULTRA GAMING,179000,GeForce RTX 2080,8 GB,1515 MHz,1815 MHz,Black / Clear
Gigabyte Radeon RX 590 8 GB GAMING,68900,Radeon RX 590,8 GB,1545 MHz,1560 MHz,Black / Orange
EVGA GeForce RTX 2060 SUPER 8 GB XC GAMING,95850,GeForce RTX 2060 SUPER,8 GB,1470 MHz,1695 MHz,Transparent
MSI GeForce RTX 3070 8 GB VENTUS 2X,168000,GeForce RTX 3070,8 GB,1500 MHz,1725 MHz,Black / Silver
GALAX GeForce RTX 2080 SUPER 8 GB EX,195000,GeForce RTX 2080 SUPER,8 GB,1650 MHz,1860 MHz,Black / Clear
Gigabyte GeForce GTX 1060 6GB 6 GB AORUS XTREME,67000,GeForce GTX 1060 6GB,6 GB,1645 MHz,1873 MHz,Black / Orange
EVGA GeForce GTX 1080 8 GB SC2 Gaming,119000,GeForce GTX 1080,8 GB,1708 MHz,1847 MHz,Silver / Black
XFX Radeon RX 5700 XT 8 GB THICC II,75700,Radeon RX 5700 XT,8 GB,1605 MHz,1905 MHz,Black
MSI GeForce RTX 2070 8 GB TRI FROZR,130500,GeForce RTX 2070,8 GB,1410 MHz,1620 MHz,Black
Asus Radeon RX 580 8 GB ROG STRIX TOP,70000,Radeon RX 580,8 GB,1257 MHz,1431 MHz,Black
EVGA GeForce GTX 1660 Ti 6 GB XC ULTRA GAMING,107500,GeForce GTX 1660 Ti,6 GB,1500 MHz,1860 MHz,Black
EVGA GeForce GTX 1080 Ti 11 GB DT GAMING,185000,GeForce GTX 1080 Ti,11 GB,1480 MHz,1582 MHz,Silver / Black
Gigabyte GeForce RTX 2080 8 GB GAMING OC,159300,GeForce RTX 2080,8 GB,1515 MHz,Black,285.5 mm
Gigabyte GeForce RTX 3090 24 GB AORUS MASTER,350000,GeForce RTX 3090,24 GB,1395 MHz,1785 MHz,Black
Zotac GeForce RTX 2080 Ti 11 GB GAMING AMP,255200,GeForce RTX 2080 Ti,11 GB,1350 MHz,1665 MHz,Black
Sapphire Radeon RX 570 8 GB NITRO+,66500,Radeon RX 570,8 GB,1168 MHz,1340 MHz,Black
XFX Radeon R7 360 2 GB DD,19500,Radeon R7 360,2 GB,1050 MHz,Black / Silver,234 mm
EVGA GeForce GTX 1080 Ti 11 GB SC2 HYBRID GAMING,182500,GeForce GTX 1080 Ti,11 GB,1556 MHz,1670 MHz,Black / Silver
EVGA GeForce GTX 1070 8 GB Founders Edition,66500,GeForce GTX 1070,8 GB,1506 MHz,1683 MHz,Black / Silver
Asus GeForce RTX 2080 8 GB STRIX GAMING,173000,GeForce RTX 2080,8 GB,1515 MHz,Black,299.7 mm
PNY GeForce GTX 1650 SUPER 4 GB XLR8 Gaming Overclocked Edition,58000,GeForce GTX 1650 SUPER,4 GB,1530 MHz,1770 MHz,Black
Gigabyte Radeon RX 6700 XT 12 GB AORUS ELITE,110500,Radeon RX 6700 XT,12 GB,2321 MHz,Black,296 mm
Asus GeForce GTX 1070 8 GB STRIX,72000,GeForce GTX 1070,8 GB,1506 MHz,1721 MHz,Black
MSI GeForce RTX 2070 SUPER 8 GB VENTUS GP OC,149850,GeForce RTX 2070 SUPER,8 GB,1605 MHz,1785 MHz,Silver / Black
PNY GeForce GTX 1650 G5 4 GB XLR8 Gaming Overclocked Edition,58000,GeForce GTX 1650 G5,4 GB,1485 MHz,1725 MHz,Black
Gigabyte GeForce RTX 2080 8 GB AORUS XTREME,156000,GeForce RTX 2080,8 GB,1515 MHz,1890 MHz,Black
Zotac GeForce GTX 1080 8 GB AMP,112000,GeForce GTX 1080,8 GB,1683 MHz,1822 MHz,Black / Yellow
MSI GeForce RTX 3070 Ti 8 GB GAMING TRIO,178500,GeForce RTX 3070 Ti,8 GB,1575 MHz,1800 MHz,Black / Silver
MSI GeForce GTX 1650 G6 4 GB D6 AERO ITX OC,76500,GeForce GTX 1650 G6,4 GB,1410 MHz,1620 MHz,Black / White
Asus GeForce GTX 1080 Ti 11 GB Turbo,190000,GeForce GTX 1080 Ti,11 GB,1480 MHz,1582 MHz,Black / White
Zotac GeForce GTX 1660 Ti 6 GB GAMING,109500,GeForce GTX 1660 Ti,6 GB,1500 MHz,1770 MHz,Black
EVGA GeForce GTX 760 2 GB Superclocked ACX,18500,GeForce GTX 760,2 GB,1072 MHz,1137 MHz,Black / Silver
Gigabyte Radeon RX 580 4 GB GAMING,40000,Radeon RX 580,4 GB,1257 MHz,1355 MHz,Black / Orange
GALAX GeForce GTX 1060 6GB 6 GB OC,66500,GeForce GTX 1060 6GB,6 GB,1518 MHz,1733 MHz,Black / Silver
MSI GeForce GTX 1080 8 GB GAMING,120000,GeForce GTX 1080,8 GB,1607 MHz,1771 MHz,Black / Red
Zotac GeForce RTX 2070 SUPER 8 GB GAMING Twin Fan,146900,GeForce RTX 2070 SUPER,8 GB,1605 MHz,1770 MHz,Black
Asus Radeon RX 6800 16 GB STRIX GAMING OC,175000,Radeon RX 6800,16 GB,1700 MHz,2190 MHz,Silver / Black
EVGA GeForce GTX 980 Ti 6 GB ACX 2.0+,55000,GeForce GTX 980 Ti,6 GB,1000 MHz,1076 MHz,Black / Silver
Gigabyte GeForce GTX 1070 8 GB WINDFORCE OC,65000,GeForce GTX 1070,8 GB,1556 MHz,1771 MHz,Black / Orange
Asus GeForce GTX 780 3 GB DirectCU II,29000,GeForce GTX 780,3 GB,889 MHz,941 MHz,Black / Red
Zotac GeForce RTX 3070 8 GB GAMING Twin Edge,159000,GeForce RTX 3070,8 GB,1500 MHz,1725 MHz,Black
MSI Radeon HD 7850 2 GB TWIN FROZR,16500,Radeon HD 7850,2 GB,900 MHz,Black / Silver,197 mm
MSI Radeon RX 570 8 GB GAMING X,75800,Radeon RX 570,8 GB,1168 MHz,1293 MHz,Black / Red
PowerColor Radeon RX 570 4 GB Red Devil,42000,Radeon RX 570,4 GB,1168 MHz,1320 MHz,Black / Red
Gigabyte GeForce GTX 1080 8 GB TURBO OC,115000,GeForce GTX 1080,8 GB,1657 MHz,1797 MHz,Black / Orange
Palit GeForce GTX 1050 Ti 4 GB StormX,44500,GeForce GTX 1050 Ti,4 GB,1290 MHz,1392 MHz,Black
Gigabyte Radeon RX 580 8 GB AORUS,74500,Radeon RX 580,8 GB,1257 MHz,1380 MHz,Black / Orange
MSI GeForce RTX 2080 SUPER 8 GB VENTUS XS OC,175000,GeForce RTX 2080 SUPER,8 GB,1650 MHz,1830 MHz,Silver / Black
EVGA GeForce GTX 980 4 GB Superclocked ACX 2,30500,GeForce GTX 980,4 GB,1266 MHz,1367 MHz,Black
XFX Radeon R9 380X 4 GB DD XXX OC,29800,Radeon R9 380X,4 GB,990 MHz,Black / Silver,234 mm
Sapphire Radeon R9 280X 3 GB Vapor-X,20000,Radeon R9 280X,3 GB,950 MHz,1070 MHz,Black / Silver
MSI Radeon RX 470 4 GB GAMING X,38500,Radeon RX 470,4 GB,926 MHz,1254 MHz,Black / Red
Asus GeForce RTX 3080 10 GB Turbo,220000,GeForce RTX 3080 10GB,10 GB,1440 MHz,1740 MHz,Black / Silver
Gigabyte Radeon RX 5700 8 GB GAMING OC,159000,Radeon RX 5700,8 GB,1565 MHz,1750 MHz,Black / Gray
KFA2 GeForce RTX 2060 SUPER 8 GB (1-Click OC),90000,GeForce RTX 2060 SUPER,8 GB,1470 MHz,1680 MHz,Silver / Black
MSI GeForce RTX 2070 8 GB DUKE,119600,GeForce RTX 2070,8 GB,1410 MHz,1755 MHz,Silver / Black
Asus GeForce GTX 1080 Ti 11 GB POSEIDON,185000,GeForce GTX 1080 Ti,11 GB,1620 MHz,1733 MHz,Black
Asus GeForce GTX 1070 Ti 8 GB CERBERUS,108000,GeForce GTX 1070 Ti,8 GB,1607 MHz,1746 MHz,Black / Red
Inno3D GeForce RTX 3060 Ti 8 GB Twin X2 OC,158500,GeForce RTX 3060 Ti,8 GB,1410 MHz,1680 MHz,Black
Gigabyte GeForce RTX 2080 Ti 11 GB WINDFORCE OC,246700,GeForce RTX 2080 Ti,11 GB,1350 MHz,Black,281 mm
Gigabyte GeForce RTX 2080 Ti 11 GB AORUS XTREME WATERFORCE,252900,GeForce RTX 2080 Ti,11 GB,1545 MHz,1770 MHz,Black / Silver
Sapphire Radeon RX 570 4 GB NITRO+,38000,Radeon RX 570,4 GB,1168 MHz,1340 MHz,Black
Asus GeForce RTX 2080 8 GB DUAL Advanced,173000,GeForce RTX 2080,8 GB,1515 MHz,Black / White,268 mm
Sapphire Radeon RX 570 8 GB PULSE,71500,Radeon RX 570,8 GB,1168 MHz,1284 MHz,Black / Silver
PNY GeForce RTX 2080 Ti 11 GB XLR8 Gaming Overclocked Edition,248500,GeForce RTX 2080 Ti,11 GB,1350 MHz,1635 MHz,Black / Silver
Sapphire Radeon RX 590 8 GB NITRO+,95000,Radeon RX 590,8 GB,1469 MHz,1560 MHz,Gold / White
PowerColor Radeon RX 5700 8 GB Red Dragon,165000,Radeon RX 5700,8 GB,1565 MHz,1750 MHz,Black
PNY GeForce RTX 3090 24 GB XLR8 Gaming EPIC-X RGB,330000,GeForce RTX 3090,24 GB,1395 MHz,1695 MHz,Black
XFX Radeon R7 360 2 GB Core Edition,15800,Radeon R7 360,2 GB,1050 MHz,Black,234 mm
Gigabyte GeForce GTX 980 4 GB WINDFORCE,35000,GeForce GTX 980,4 GB,1228 MHz,1329 MHz,Black
Palit GeForce GTX 1650 G5 4 GB KalmX,50500,GeForce GTX 1650 G5,4 GB,1485 MHz,1665 MHz,Silver
EVGA GeForce RTX 2080 8 GB FTW3 ULTRA GAMING,175000,GeForce RTX 2080,8 GB,1515 MHz,1860 MHz,Clear / Black
GALAX GeForce RTX 2080 8 GB OC,169500,GeForce RTX 2080,8 GB,1515 MHz,1785 MHz,Black / Clear
MSI GeForce GTX 1650 G5 4 GB GAMING X,79500,GeForce GTX 1650 G5,4 GB,1485 MHz,1860 MHz,Black
GALAX GeForce RTX 2070 SUPER 8 GB EX,151500,GeForce RTX 2070 SUPER,8 GB,1605 MHz,1815 MHz,Black
Asus GeForce RTX 3090 24 GB STRIX GAMING,345000,GeForce RTX 3090,24 GB,1395 MHz,1725 MHz,Black
Palit GeForce GTX 1070 8 GB Super JetStream,55000,GeForce GTX 1070,8 GB,1632 MHz,1835 MHz,Black / Gray
Sapphire Radeon RX 5700 8 GB PULSE,181000,Radeon RX 5700,8 GB,1540 MHz,1750 MHz,Black / Red
Zotac GeForce RTX 2070 8 GB GAMING OC MINI,115200,GeForce RTX 2070,8 GB,1410 MHz,1650 MHz,Black / Silver
Asus GeForce RTX 3090 24 GB TUF GAMING,345000,GeForce RTX 3090,24 GB,1395 MHz,1725 MHz,Black
Asus GeForce RTX 2060 SUPER 8 GB STRIX GAMING Advanced,99000,GeForce RTX 2060 SUPER,8 GB,1500 MHz,1710 MHz,Black
MSI GeForce GTX 1070 8 GB QUICK SILVER OC,75000,GeForce GTX 1070,8 GB,1506 MHz,1797 MHz,Black / Silver
Gigabyte Radeon RX 5500 XT 4 GB GAMING OC,85000,Radeon RX 5500 XT,4 GB,1685 MHz,1845 MHz,Black / Gray
XFX Radeon RX 470 4 GB Triple Dissipation,32000,Radeon RX 470,4 GB,926 MHz,1236 MHz,Black
EVGA GeForce RTX 2080 Ti 11 GB GAMING,248900,GeForce RTX 2080 Ti,11 GB,1350 MHz,1545 MHz,Black
PNY GeForce GTX 960 2 GB XLR8 Elite OC,18000,GeForce GTX 960,2 GB,1304 MHz,1367 MHz,Black / Yellow
Gigabyte GeForce RTX 2060 6 GB GAMING OC PRO WHITE,88000,GeForce RTX 2060,6 GB,1680 MHz,1830 MHz,White / Black
PowerColor Radeon RX 6800 16 GB Fighter OC,177500,Radeon RX 6800,16 GB,1700 MHz,2155 MHz,Black
EVGA GeForce GTX 1080 Ti 11 GB iCX GAMING,190500,GeForce GTX 1080 Ti,11 GB,1480 MHz,1582 MHz,Silver / Black
Gigabyte GeForce GTX 770 4 GB WINDFORCE,31000,GeForce GTX 770,4 GB,1046 MHz,1085 MHz,Black
Gigabyte Radeon RX 570 4 GB GAMING,42000,Radeon RX 570,4 GB,1168 MHz,1255 MHz,Black / Orange
Palit GeForce RTX 3070 8 GB GamingPro OC,152000,GeForce RTX 3070,8 GB,1500 MHz,1770 MHz,Black
MSI GeForce GTX 1060 3GB 3 GB GAMING X,41500,GeForce GTX 1060 3GB,3 GB,1594 MHz,1809 MHz,Black / Red
Gigabyte GeForce GTX 1650 G6 4 GB WINDFORCE,58000,GeForce GTX 1650 G6,4 GB,1410 MHz,1590 MHz,Black
MSI Radeon R9 390 8 GB GAMING,54000,Radeon R9 390,8 GB,1000 MHz,1060 MHz,Black / Red
MSI Radeon R7 240 2 GB LP,16000,Radeon R7 240,2 GB,600 MHz,Black,144 mm
MSI GeForce RTX 3060 Ti 8 GB TWIN FAN OC,180000,GeForce RTX 3060 Ti,8 GB,1410 MHz,1695 MHz,Black / Silver
Asus GeForce GTX 1660 Ti 6 GB STRIX GAMING Advanced,102500,GeForce GTX 1660 Ti,6 GB,1500 MHz,1830 MHz,Black
Gigabyte GeForce GTX 1070 8 GB MINI ITX OC,59250,GeForce GTX 1070,8 GB,1531 MHz,1746 MHz,Black / Orange
EVGA GeForce GTX 1660 6 GB XC ULTRA GAMING,79000,GeForce GTX 1660,6 GB,1530 MHz,1845 MHz,Black
Sapphire Radeon RX 580 4 GB PULSE,36700,Radeon RX 580,4 GB,1257 MHz,1366 MHz,Black
Zotac GeForce GTX 1070 Ti 8 GB AMP Extreme,102000,GeForce GTX 1070 Ti,8 GB,1607 MHz,1683 MHz,Black / Yellow
EVGA GeForce RTX 3060 12 GB XC BLACK GAMING,130000,GeForce RTX 3060,12 GB,1320 MHz,1777 MHz,Black
XFX Radeon RX 5700 XT 8 GB THICC III Ultra 2,85000,Radeon RX 5700 XT,8 GB,1810 MHz,2025 MHz,Black / Silver
Asus GeForce RTX 2060 6 GB Turbo,93000,GeForce RTX 2060,6 GB,1365 MHz,1710 MHz,Black / Silver
EVGA GeForce RTX 2070 8 GB XC ULTRA GAMING,120500,GeForce RTX 2070,8 GB,1410 MHz,1725 MHz,Clear / Black
KFA2 GeForce RTX 3070 8 GB EX,154000,GeForce RTX 3070,8 GB,1500 MHz,1785 MHz,Black
XFX Radeon RX 570 4 GB XXX,28900,Radeon RX 570,4 GB,1264 MHz,1284 MHz,Black / Red
EVGA GeForce RTX 2060 6 GB XC ULTRA GAMING,87500,GeForce RTX 2060,6 GB,1365 MHz,1830 MHz,Black
Asus GeForce RTX 2080 8 GB DUAL,171000,GeForce RTX 2080,8 GB,1515 MHz,Black / White,268 mm
Palit GeForce RTX 3060 Ti  8 GB Dual,120000,GeForce RTX 3060 Ti LHR,8 GB,1410 MHz,1665 MHz,Black
MSI GeForce RTX 2070 8 GB VENTUS,125200,GeForce RTX 2070,8 GB,1410 MHz,1620 MHz,Silver / Black
Zotac GeForce GTX 1080 Ti 11 GB AMP,175000,GeForce GTX 1080 Ti,11 GB,1569 MHz,1683 MHz,Black
EVGA GeForce RTX 2080 8 GB XC HYBRID GAMING,169800,GeForce RTX 2080,8 GB,1515 MHz,1800 MHz,Black / Clear
MSI Radeon RX 480 8 GB ARMOR,38900,Radeon RX 480,8 GB,1120 MHz,1291 MHz,Black / White
MSI GeForce RTX 3090 24 GB VENTUS 3X,362000,GeForce RTX 3090,24 GB,1395 MHz,Black,305 mm
Asus GeForce RTX 2070 8 GB DUAL EVO OC,117000,GeForce RTX 2070,8 GB,1410 MHz,1740 MHz,Black
Zotac GeForce RTX 2060 SUPER 8 GB AMP,94500,GeForce RTX 2060 SUPER,8 GB,1470 MHz,1680 MHz,Black
PowerColor Radeon RX 550 - 512 4 GB Red Dragon,38000,Radeon RX 550 - 512,4 GB,1100 MHz,1071 MHz,Black / Red
MSI GeForce GTX 1080 Ti 11 GB DUKE OC,188000,GeForce GTX 1080 Ti,11 GB,1531 MHz,1645 MHz,Black
PNY GeForce GTX 980 4 GB XLR8 PRO OC,32500,GeForce GTX 980,4 GB,1228 MHz,1329 MHz,Black / Silver
EVGA GeForce RTX 2080 SUPER 8 GB FTW3 HYBRID GAMING,185600,GeForce RTX 2080 SUPER,8 GB,1650 MHz,1845 MHz,Transparent / Black
Zotac GeForce GTX 660 Ti 2 GB AMP,14000,GeForce GTX 660 Ti,2 GB,1033 MHz,Black / Orange,191 mm
Asus GeForce RTX 3090 24 GB Turbo,352000,GeForce RTX 3090,24 GB,1395 MHz,1725 MHz,Black
XFX Radeon R9 380 2 GB DD,18000,Radeon R9 380,2 GB,990 MHz,Black / Silver,234 mm
MSI GeForce RTX 2070 SUPER 8 GB VENTUS,148500,GeForce RTX 2070 SUPER,8 GB,1605 MHz,1770 MHz,Black / Silver
Asus GeForce GTX 1660 SUPER 6 GB STRIX GAMING,86500,GeForce GTX 1660 SUPER,6 GB,1530 MHz,1815 MHz,Black / Silver
Gigabyte GeForce GTX 1050 2 GB WINDFORCE,28000,GeForce GTX 1050,2 GB,1354 MHz,1493 MHz,Black / Orange
Zotac GeForce RTX 2080 SUPER 8 GB GAMING AMP,180600,GeForce RTX 2080 SUPER,8 GB,1650 MHz,1845 MHz,Black
Asus Radeon RX 6800 16 GB TUF GAMING OC,175000,Radeon RX 6800,16 GB,1700 MHz,2190 MHz,Black
Gigabyte GeForce RTX 2080 Ti 11 GB AORUS,245000,GeForce RTX 2080 Ti,11 GB,1545 MHz,1695 MHz,Black
Zotac GeForce RTX 2080 Ti 11 GB AMP Extreme,238500,GeForce RTX 2080 Ti,11 GB,1545 MHz,1815 MHz,Black / Silver
MSI GeForce GT 710 1 GB GT LP,10000,GeForce GT 710,1 GB,954 MHz,Black,129 mm
PowerColor Radeon RX 6800 XT 16 GB Red Dragon OC,178500,Radeon RX 6800 XT,16 GB,1825 MHz,2310 MHz,Black
Zotac GeForce GTX 1650 G5 4 GB GAMING Low Profile,55900,GeForce GTX 1650 G5,4 GB,1485 MHz,1665 MHz,Black
EVGA GeForce GTX 980 Ti 6 GB CLASSIFIED GAMING ACX 2.0+,59000,GeForce GTX 980 Ti,6 GB,1000 MHz,1190 MHz,Black / Silver
XFX Radeon RX 5600 XT 6 GB THICC III Pro,70000,Radeon RX 5600 XT,6 GB,1247 MHz,1750 MHz,Black
Asus GeForce RTX 2060 6 GB DUAL MINI OC,93000,GeForce RTX 2060,6 GB,1365 MHz,1750 MHz,Black
MSI GeForce GTX 1060 6GB 6 GB ARMOR OCV1,70000,GeForce GTX 1060 6GB,6 GB,1544 MHz,1759 MHz,Black / White
MSI GeForce GTX 1080 8 GB GAMING Z,120000,GeForce GTX 1080,8 GB,1607 MHz,1911 MHz,Black / Red
Zotac GeForce RTX 2070 SUPER 8 GB GAMING AMP,149000,GeForce RTX 2070 SUPER,8 GB,1605 MHz,1800 MHz,Black
EVGA GeForce GT 740 2 GB Superclocked,14000,GeForce GT 740,2 GB,1059 MHz,Black / Silver,153 mm
EVGA GeForce GTX 950 2 GB SC GAMING,15400,GeForce GTX 950,2 GB,1127 MHz,1317 MHz,Black
MSI GeForce GTX 1070 Ti 8 GB DUKE,118000,GeForce GTX 1070 Ti,8 GB,1607 MHz,1683 MHz,Black
Gigabyte GeForce GTX 970 4 GB GAMING,35000,GeForce GTX 970,4 GB,1178 MHz,1329 MHz,Black
GALAX GeForce RTX 3080 10 GB SG,235000,GeForce RTX 3080 10GB,10 GB,1440 MHz,1725 MHz,Black
Asus GeForce RTX 2080 8 GB Turbo,175000,GeForce RTX 2080,8 GB,1515 MHz,Black,268 mm
MSI GeForce GTX 1660 Ti 6 GB ARMOR OC,115000,GeForce GTX 1660 Ti,6 GB,1500 MHz,1860 MHz,Black / White
Sapphire Radeon RX 5500 XT 8 GB NITRO+ SE,88000,Radeon RX 5500 XT,8 GB,1607 MHz,1845 MHz,Black
MSI GeForce RTX 3090 24 GB SUPRIM,360000,GeForce RTX 3090,24 GB,1395 MHz,1815 MHz,Black / Silver
MSI GeForce GTX 1060 6GB 6 GB GAMING,70000,GeForce GTX 1060 6GB,6 GB,1506 MHz,1746 MHz,Black / Red
Asus GeForce GTX 1660 Ti 6 GB STRIX GAMING OC,102500,GeForce GTX 1660 Ti,6 GB,1500 MHz,1890 MHz,Black
EVGA GeForce GTX 980 4 GB HYBRID,31000,GeForce GTX 980,4 GB,1291 MHz,1393 MHz,Black / Silver
MSI Radeon RX 480 8 GB GAMING X,63500,Radeon RX 480,8 GB,1120 MHz,1316 MHz,Black / Red
