Memory,Memory Price,ram_speed,ram_modules,ram_color,Inventoiry
Corsair Vengeance RGB Pro 32 GB (2 x 16 GB) DDR4-3200 CL16,25000,DDR4-3200,2 x 16 GB,Black,1
Corsair Vengeance LPX 32 GB (4 x 8 GB) DDR4-3200 CL16,40000,DDR4-3200,4 x 8 GB,Black / Yellow,1
Team T-Force Delta RGB 16 GB (2 x 8 GB) DDR4-3600 CL18,19500,DDR4-3600,2 x 8 GB,White,1
Corsair Dominator Platinum RGB 32 GB (4 x 8 GB) DDR4-3600 CL16,59500,DDR4-3600,4 x 8 GB,Black,1
G.Skill Trident Z 16 GB (2 x 8 GB) DDR4-3600 CL15,21000,DDR4-3600,2 x 8 GB,Black,1
Corsair Vengeance RGB Pro 32 GB (4 x 8 GB) DDR4-3600 CL18,38500,DDR4-3600,4 x 8 GB,Black,1
G.Skill Ripjaws V 32 GB (2 x 16 GB) DDR4-3600 CL16,35000,DDR4-3600,2 x 16 GB,Black,1
Corsair Vengeance RGB Pro 16 GB (2 x 8 GB) DDR4-3600 CL18,18500,DDR4-3600,2 x 8 GB,Black,1
Corsair Vengeance RGB Pro 32 GB (4 x 8 GB) DDR4-3200 CL16,37000,DDR4-3200,4 x 8 GB,Black,1
Crucial Ballistix 16 GB (2 x 8 GB) DDR4-3200 CL16,19500,DDR4-3200,2 x 8 GB,Black,1
G.Skill Trident Z RGB 32 GB (2 x 16 GB) DDR4-3600 CL16,46000,DDR4-3600,2 x 16 GB,Black,1
Corsair Vengeance LPX 16 GB (2 x 8 GB) DDR4-3200 CL16,16000,DDR4-3200,2 x 8 GB,Black / Yellow,1
G.Skill Trident Z 16 GB (2 x 8 GB) DDR4-3200 CL14,18500,DDR4-3200,2 x 8 GB,Silver / White,1
G.Skill Trident Z 32 GB (2 x 16 GB) DDR4-3200 CL14,39000,DDR4-3200,2 x 16 GB,Silver / White,1
G.Skill Trident Z Neo 32 GB (2 x 16 GB) DDR4-3600 CL16,32000,DDR4-3600,2 x 16 GB,Black / Silver,1
Corsair Vengeance RGB RS 16 GB (2 x 8 GB) DDR4-3200 CL16,14500,DDR4-3200,2 x 8 GB,Black / Gray,1
Crucial CT2K16G4DFD8266 32 GB (2 x 16 GB) DDR4-2666 CL19,33500,DDR4-2666,2 x 16 GB,Black,1
Team T-FORCE VULCAN Z 32 GB (2 x 16 GB) DDR4-3600 CL18,30000,DDR4-3600,2 x 16 GB,Black,1
G.Skill Trident Z RGB 32 GB (2 x 16 GB) DDR4-3200 CL16,45000,DDR4-3200,2 x 16 GB,Black,1
G.Skill Trident Z Neo 32 GB (4 x 8 GB) DDR4-3600 CL16,53500,DDR4-3600,4 x 8 GB,Silver / Black,1
Corsair Vengeance RGB Pro 16 GB (2 x 8 GB) DDR4-3200 CL16,16500,DDR4-3200,2 x 8 GB,Black,1
Corsair Dominator Platinum RGB 16 GB (2 x 8 GB) DDR4-3600 CL18,24000,DDR4-3600,2 x 8 GB,Black,1
Crucial Ballistix 16 GB (2 x 8 GB) DDR4-3600 CL16,20000,DDR4-3600,2 x 8 GB,Black,1
Corsair Vengeance RGB Pro 32 GB (2 x 16 GB) DDR4-3600 CL18,29000,DDR4-3600,2 x 16 GB,Black,1
Corsair Dominator Platinum RGB 32 GB (2 x 16 GB) DDR5-5200 CL38,69000,DDR5-5200,2 x 16 GB,Black,1
G.Skill Trident Z Neo 16 GB (2 x 8 GB) DDR4-3600 CL16,20500,DDR4-3600,2 x 8 GB,Black / Silver,1
G.Skill Trident Z RGB 32 GB (2 x 16 GB) DDR4-3200 CL14,43000,DDR4-3200,2 x 16 GB,Black,1
G.Skill Trident Z RGB 16 GB (2 x 8 GB) DDR4-3600 CL18,30000,DDR4-3600,2 x 8 GB,Black,1
Corsair Dominator Platinum 16 GB (2 x 8 GB) DDR4-3200 CL16,23000,DDR4-3200,2 x 8 GB,Black,1
Corsair Vengeance LPX 32 GB (2 x 16 GB) DDR4-3600 CL18,29500,DDR4-3600,2 x 16 GB,Black / Yellow,1
G.Skill Trident Z 16 GB (2 x 8 GB) DDR4-3200 CL16,19500,DDR4-3200,2 x 8 GB,Black / White,1
Corsair Dominator Platinum RGB 32 GB (4 x 8 GB) DDR4-3600 CL18,61000,DDR4-3600,4 x 8 GB,White,1
Corsair Vengeance LPX 32 GB (2 x 16 GB) DDR4-3200 CL16,27500,DDR4-3200,2 x 16 GB,Black / Yellow,1
Corsair Vengeance RGB Pro 64 GB (4 x 16 GB) DDR4-3600 CL18,56000,DDR4-3600,4 x 16 GB,Black,1
G.Skill Trident Z Neo 32 GB (2 x 16 GB) DDR4-3600 CL18,34000,DDR4-3600,2 x 16 GB,Black / Silver,1
Team T-Force XTREEM ARGB 32 GB (2 x 16 GB) DDR4-3600 CL18,31000,DDR4-3600,2 x 16 GB,White,1
Kingston HyperX Predator RGB 16 GB (2 x 8 GB) DDR4-3200 CL16,17500,DDR4-3200,2 x 8 GB,Black,1
ADATA XPG GAMMIX D20 32 GB (2 x 16 GB) DDR4-3200 CL16,18500,DDR4-3200,2 x 16 GB,Black,1
Corsair Dominator Platinum RGB 32 GB (4 x 8 GB) DDR4-3600 CL18,61000,DDR4-3600,4 x 8 GB,White,0
Corsair Vengeance LPX 16 GB (2 x 8 GB) DDR4-3200 CL16,16000,DDR4-3200,2 x 8 GB,Black / Yellow,0
G.Skill Trident Z 16 GB (2 x 8 GB) DDR4-3600 CL16,21500,DDR4-3600,2 x 8 GB,Black / White,0
G.Skill Trident Z Neo 16 GB (2 x 8 GB) DDR4-3600 CL16,20500,DDR4-3600,2 x 8 GB,Black / Silver,0
Corsair Vengeance RGB Pro 32 GB (4 x 8 GB) DDR4-3200 CL16,37000,DDR4-3200,4 x 8 GB,Black,0
Corsair Vengeance RGB Pro 16 GB (2 x 8 GB) DDR4-3600 CL18,18500,DDR4-3600,2 x 8 GB,Black,0
Corsair Dominator Platinum RGB 32 GB (2 x 16 GB) DDR5-5200 CL38,69000,DDR5-5200,2 x 16 GB,Black,0
Silicon Power SU016GXLZU320BDAJ6 16 GB (2 x 8 GB) DDR4-3200 CL16,15000,DDR4-3200,2 x 8 GB,Black,0
Corsair Vengeance RGB Pro 16 GB (2 x 8 GB) DDR4-3200 CL16,16500,DDR4-3200,2 x 8 GB,Black,0
G.Skill Trident Z Royal 32 GB (2 x 16 GB) DDR4-4000 CL18,50500,DDR4-4000,2 x 16 GB,Silver,0
Corsair Vengeance LPX 32 GB (2 x 16 GB) DDR4-3600 CL18,29500,DDR4-3600,2 x 16 GB,Black / Yellow,0
PNY XLR8 16 GB (2 x 8 GB) DDR4-3200 CL16,16500,DDR4-3200,2 x 8 GB,Black,0
Corsair Vengeance LPX 32 GB (2 x 16 GB) DDR4-2666 CL16,33000,DDR4-2666,2 x 16 GB,Black / Yellow,0
G.Skill Trident Z Neo 64 GB (4 x 16 GB) DDR4-3600 CL16,72500,DDR4-3600,4 x 16 GB,Black / Silver,0
Corsair Vengeance LPX 32 GB (4 x 8 GB) DDR4-3600 CL18,42000,DDR4-3600,4 x 8 GB,Black / Yellow,0
G.Skill Trident Z 16 GB (2 x 8 GB) DDR4-3200 CL16,19500,DDR4-3200,2 x 8 GB,Black / White,0
G.Skill Trident Z Neo 32 GB (4 x 8 GB) DDR4-3600 CL16,53500,DDR4-3600,4 x 8 GB,Silver / Black,0
Crucial Ballistix 16 GB (2 x 8 GB) DDR4-2400 CL16,18000,DDR4-2400,2 x 8 GB,Black,0
G.Skill Trident Z RGB 32 GB (2 x 16 GB) DDR4-3600 CL16,46000,DDR4-3600,2 x 16 GB,Black,0
Corsair Vengeance RGB Pro SL 16 GB (2 x 8 GB) DDR4-3600 CL18,16500,DDR4-3600,2 x 8 GB,Black,0
Corsair Vengeance 16 GB (2 x 8 GB) DDR3-1600 CL9,16000,DDR3-1600,2 x 8 GB,Black / Yellow,0
G.Skill Ripjaws V 16 GB (2 x 8 GB) DDR4-3600 CL16,22500,DDR4-3600,2 x 8 GB,Black,0
Corsair Dominator Platinum RGB 32 GB (2 x 16 GB) DDR4-3200 CL16,34000,DDR4-3200,2 x 16 GB,Black,0
Crucial Ballistix 16 GB (2 x 8 GB) DDR4-3600 CL16,20000,DDR4-3600,2 x 8 GB,Black,0
Crucial Ballistix RGB 16 GB (2 x 8 GB) DDR4-3200 CL16,16000,DDR4-3200,2 x 8 GB,Black,0
Corsair Vengeance LED 16 GB (2 x 8 GB) DDR4-3000 CL15,16000,DDR4-3000,2 x 8 GB,Black,0
Team T-Force XTREEM ARGB 16 GB (2 x 8 GB) DDR4-3600 CL18,19000,DDR4-3600,2 x 8 GB,White,0
Patriot Viper 4 Blackout 32 GB (2 x 16 GB) DDR4-3600 CL18,28000,DDR4-3600,2 x 16 GB,Black,0
G.Skill Ripjaws V Series 16 GB (2 x 8 GB) DDR4-3200 CL16,19000,DDR4-3200,2 x 8 GB,Black,0
Crucial Ballistix 32 GB (2 x 16 GB) DDR4-3200 CL16,25000,DDR4-3200,2 x 16 GB,Black,0
Crucial Ballistix RGB 16 GB (2 x 8 GB) DDR4-3600 CL16,18500,DDR4-3600,2 x 8 GB,Black,0
Crucial Ballistix 16 GB (2 x 8 GB) DDR4-2666 CL16,18500,DDR4-2666,2 x 8 GB,Red,0
Corsair Vengeance LPX 16 GB (2 x 8 GB) DDR4-3600 CL18,19000,DDR4-3600,2 x 8 GB,Black,0
G.Skill Trident Z RGB 32 GB (4 x 8 GB) DDR4-3200 CL16,56000,DDR4-3200,4 x 8 GB,Black,0
Corsair Vengeance RGB Pro 32 GB (2 x 16 GB) DDR4-3600 CL18,29000,DDR4-3600,2 x 16 GB,Black,0
G.Skill Trident Z RGB 16 GB (2 x 8 GB) DDR4-3200 CL14,24000,DDR4-3200,2 x 8 GB,Black,0
G.Skill Trident Z Royal 32 GB (2 x 16 GB) DDR4-3600 CL19,48500,DDR4-3600,2 x 16 GB,Silver,0
Team T-FORCE VULCAN Z 64 GB (2 x 32 GB) DDR4-3200 CL16,60000,DDR4-3200,2 x 32 GB,Gray,0
Team T-Force Delta RGB 16 GB (2 x 8 GB) DDR4-3200 CL16,17000,DDR4-3200,2 x 8 GB,Black,0
G.Skill Trident Z Neo 32 GB (2 x 16 GB) DDR4-3600 CL16,32000,DDR4-3600,2 x 16 GB,Black / Silver,0
G.Skill Ripjaws V Series 16 GB (4 x 4 GB) DDR4-3200 CL16,20000,DDR4-3200,4 x 4 GB,Black,0
G.Skill Trident Z Royal 16 GB (2 x 8 GB) DDR4-3200 CL16,24500,DDR4-3200,2 x 8 GB,Silver,0
Crucial Ballistix RGB 32 GB (2 x 16 GB) DDR4-3200 CL16,24500,DDR4-3200,2 x 16 GB,Black,0
Crucial Ballistix Tactical 16 GB (2 x 8 GB) DDR3-1600 CL8,17500,DDR3-1600,2 x 8 GB,Black,0
Patriot Signature Premium 16 GB (2 x 8 GB) DDR4-2666 CL19,15000,DDR4-2666,2 x 8 GB,Black,0
G.Skill Trident Z Neo 64 GB (2 x 32 GB) DDR4-3600 CL16,70000,DDR4-3600,2 x 32 GB,Black / Silver,0
G.Skill Aegis 16 GB (2 x 8 GB) DDR4-3200 CL16,18000,DDR4-3200,2 x 8 GB,Red / Black,0
Team T-Force Delta RGB 16 GB (2 x 8 GB) DDR4-3600 CL18,19500,DDR4-3600,2 x 8 GB,White,0
G.Skill Ripjaws Series 8 GB (2 x 4 GB) DDR3-1600 CL9,14000,DDR3-1600,2 x 4 GB,Black / Red,0
G.Skill Trident Z RGB 32 GB (2 x 16 GB) DDR4-3200 CL16,45000,DDR4-3200,2 x 16 GB,Black,0
Corsair Vengeance LPX 16 GB (2 x 8 GB) DDR4-3000 CL15,14500,DDR4-3000,2 x 8 GB,Black / Yellow,0
OLOy Blade RGB 16 GB (2 x 8 GB) DDR4-3600 CL14,19500,DDR4-3600,2 x 8 GB,Silver,0
Team T-FORCE VULCAN Z 16 GB (2 x 8 GB) DDR4-3200 CL16,19000,DDR4-3200,2 x 8 GB,Black,0
Team T-Force Delta RGB 32 GB (2 x 16 GB) DDR4-3200 CL16,27500,DDR4-3200,2 x 16 GB,Black,0
Corsair Dominator Platinum RGB 16 GB (2 x 8 GB) DDR4-3600 CL18,24000,DDR4-3600,2 x 8 GB,Black,0
GALAX HOF 16 GB (2 x 8 GB) DDR4-4000 CL19,18000,DDR4-4000,2 x 8 GB,Black,0
G.Skill Ripjaws X Series 8 GB (2 x 4 GB) DDR3-1600 CL9,7600,DDR3-1600,2 x 4 GB,Black / Red,0
Corsair Vengeance 16 GB (4 x 4 GB) DDR3-1600 CL9,21000,DDR3-1600,4 x 4 GB,Black / Blue,0
Corsair Vengeance RGB Pro 64 GB (2 x 32 GB) DDR4-3200 CL16,56000,DDR4-3200,2 x 32 GB,Black,0
G.Skill Trident Z RGB 16 GB (2 x 8 GB) DDR4-3200 CL16,25000,DDR4-3200,2 x 8 GB,Black,0
Corsair Dominator Platinum RGB 32 GB (4 x 8 GB) DDR4-3200 CL16,54000,DDR4-3200,4 x 8 GB,Black,0
Silicon Power GAMING 32 GB (2 x 16 GB) DDR4-3200 CL16,16000,DDR4-3200,2 x 16 GB,Black,0
G.Skill Trident Z RGB 16 GB (2 x 8 GB) DDR4-3600 CL18,30000,DDR4-3600,2 x 8 GB,Black,0
Corsair Vengeance LPX 32 GB (4 x 8 GB) DDR4-2133 CL15,32500,DDR4-2133,4 x 8 GB,Black,0
Corsair Vengeance RGB Pro SL 32 GB (2 x 16 GB) DDR4-3200 CL16,27500,DDR4-3200,2 x 16 GB,Black,0
G.Skill Trident Z Neo 16 GB (2 x 8 GB) DDR4-3600 CL14,20500,DDR4-3600,2 x 8 GB,Black / Silver,0
Crucial CT2K8G4SFS832A 16 GB (2 x 8 GB) DDR4-3200 CL22,18000,DDR4-3200,2 x 8 GB,Green / Black,0
OLOy Blade RGB 16 GB (2 x 8 GB) DDR4-3200 CL16,17000,DDR4-3200,2 x 8 GB,Black,0
G.Skill Trident Z Neo 32 GB (2 x 16 GB) DDR4-3600 CL14,30000,DDR4-3600,2 x 16 GB,Black / Silver,0
G.Skill Trident Z RGB 64 GB (2 x 32 GB) DDR4-3600 CL18,67000,DDR4-3600,2 x 32 GB,Black,0
G.Skill Trident Z Royal 32 GB (2 x 16 GB) DDR4-3600 CL16,50000,DDR4-3600,2 x 16 GB,Silver,0
Team T-Force XTREEM ARGB 32 GB (2 x 16 GB) DDR4-3600 CL18,31000,DDR4-3600,2 x 16 GB,White,0
ADATA XPG SPECTRIX D60G 16 GB (2 x 8 GB) DDR4-3600 CL18,28000,DDR4-3600,2 x 8 GB,Black,0
G.Skill Trident Z RGB 32 GB (2 x 16 GB) DDR4-3600 CL18,43500,DDR4-3600,2 x 16 GB,Black,0
Crucial Ballistix Elite 16 GB (2 x 8 GB) DDR4-4000 CL18,23000,DDR4-4000,2 x 8 GB,Black,0
Corsair Vengeance RGB 16 GB (2 x 8 GB) DDR4-3600 CL18,22000,DDR4-3600,2 x 8 GB,Black,0
Corsair Dominator Platinum RGB 16 GB (2 x 8 GB) DDR4-3200 CL16,21000,DDR4-3200,2 x 8 GB,White,0
Corsair Vengeance LPX 16 GB (2 x 8 GB) DDR4-3000 CL16,14000,DDR4-3000,2 x 8 GB,Black,0
Kingston FURY 16 GB (2 x 8 GB) DDR4-2400 CL15,17500,DDR4-2400,2 x 8 GB,Black,0
Team T-FORCE VULCAN Z 32 GB (2 x 16 GB) DDR4-3200 CL16,29000,DDR4-3200,2 x 16 GB,Black,0
Crucial Ballistix Sport LT 16 GB (2 x 8 GB) DDR4-2400 CL16,28000,DDR4-2400,2 x 8 GB,Black,0
Corsair Vengeance RGB Pro 32 GB (2 x 16 GB) DDR4-3200 CL16,25000,DDR4-3200,2 x 16 GB,Black,0
ADATA XPG SPECTRIX D60G 16 GB (2 x 8 GB) DDR4-3000 CL16,22500,DDR4-3000,2 x 8 GB,Black,0
G.Skill Aegis 8 GB (1 x 8 GB) DDR4-3000 CL16,8500,DDR4-3000,1 x 8 GB,Black / Red,0
G.Skill Trident Z Royal 32 GB (2 x 16 GB) DDR4-3200 CL16,46000,DDR4-3200,2 x 16 GB,Silver,0
Team Vulcan Z 16 GB (2 x 8 GB) DDR4-3600 CL18,17500,DDR4-3600,2 x 8 GB,Black,0
Corsair Vengeance RGB Pro SL 32 GB (2 x 16 GB) DDR4-3600 CL18,29000,DDR4-3600,2 x 16 GB,White / Black,0
G.Skill Ripjaws V 32 GB (2 x 16 GB) DDR4-3600 CL18,36500,DDR4-3600,2 x 16 GB,Black,0
G.Skill Ripjaws V 32 GB (2 x 16 GB) DDR4-3600 CL16,35000,DDR4-3600,2 x 16 GB,Black,0
Corsair Vengeance LPX 32 GB (4 x 8 GB) DDR4-3200 CL16,40000,DDR4-3200,4 x 8 GB,Black / Yellow,0
Corsair Dominator Platinum RGB 32 GB (4 x 8 GB) DDR4-3600 CL16,59500,DDR4-3600,4 x 8 GB,Black,0
G.Skill Trident Z 16 GB (2 x 8 GB) DDR4-3600 CL15,21000,DDR4-3600,2 x 8 GB,Black,0
G.Skill Trident Z Royal 16 GB (2 x 8 GB) DDR4-4400 CL18,29500,DDR4-4400,2 x 8 GB,Silver,0
Kingston HyperX Fury 8 GB (1 x 8 GB) DDR4-2666 CL16,9300,DDR4-2666,1 x 8 GB,Black,0
G.Skill Trident Z RGB 64 GB (4 x 16 GB) DDR4-3600 CL17,69000,DDR4-3600,4 x 16 GB,Black,0
Crucial Ballistix Sport 16 GB (2 x 8 GB) DDR3-1600 CL9,23500,DDR3-1600,2 x 8 GB,Black,0
Corsair Vengeance LPX 64 GB (2 x 32 GB) DDR4-3600 CL18,55000,DDR4-3600,2 x 32 GB,Black,0
Corsair Vengeance LPX 8 GB (1 x 8 GB) DDR4-2400 CL16,10000,DDR4-2400,1 x 8 GB,Black / Yellow,0
Patriot Viper Steel 16 GB (2 x 8 GB) DDR4-3000 CL16,14500,DDR4-3000,2 x 8 GB,Silver / Black,0
Corsair Vengeance LPX 16 GB (2 x 8 GB) DDR4-2400 CL16,15000,DDR4-2400,2 x 8 GB,Black / Yellow,0
Team T-Create Expert 32 GB (2 x 16 GB) DDR4-3600 CL18,27000,DDR4-3600,2 x 16 GB,Black,0
Crucial Ballistix 16 GB (2 x 8 GB) DDR4-3200 CL16,19500,DDR4-3200,2 x 8 GB,Black,0
G.Skill Trident Z 16 GB (2 x 8 GB) DDR4-3200 CL14,18500,DDR4-3200,2 x 8 GB,Silver / White,0
G.Skill Trident Z 32 GB (2 x 16 GB) DDR4-3200 CL14,39000,DDR4-3200,2 x 16 GB,Silver / White,0
Corsair Vengeance RGB RS 16 GB (2 x 8 GB) DDR4-3200 CL16,14500,DDR4-3200,2 x 8 GB,Black / Gray,0
Crucial CT2K16G4DFD8266 32 GB (2 x 16 GB) DDR4-2666 CL19,33500,DDR4-2666,2 x 16 GB,Black,0
Team T-FORCE VULCAN Z 32 GB (2 x 16 GB) DDR4-3600 CL18,30000,DDR4-3600,2 x 16 GB,Black,0
Corsair Vengeance LPX 16 GB (1 x 16 GB) DDR4-3200 CL16,18000,DDR4-3200,1 x 16 GB,Black / Yellow,0
G.Skill Trident Z Neo 32 GB (4 x 8 GB) DDR4-3000 CL16,49000,DDR4-3000,4 x 8 GB,Silver / Black,0
Team T-Force XTREEM ARGB 32 GB (2 x 16 GB) DDR4-4000 CL18,34000,DDR4-4000,2 x 16 GB,White,0
Team T-Force XTREEM ARGB 16 GB (2 x 8 GB) DDR4-3600 CL14,19500,DDR4-3600,2 x 8 GB,Black,0
Corsair Dominator Platinum RGB 32 GB (2 x 16 GB) DDR4-4000 CL19,48000,DDR4-4000,2 x 16 GB,White,0
Patriot Viper Steel 16 GB (2 x 8 GB) DDR4-4400 CL19,20000,DDR4-4400,2 x 8 GB,Silver / Black,0
Corsair Vengeance LPX 16 GB (2 x 8 GB) DDR4-2666 CL16,13500,DDR4-2666,2 x 8 GB,Black / Yellow,0
Corsair Dominator Platinum RGB 32 GB (2 x 16 GB) DDR4-3466 CL16,35000,DDR4-3466,2 x 16 GB,Black,0
ADATA XPG GAMMIX D10 16 GB (2 x 8 GB) DDR4-3000 CL16,14000,DDR4-3000,2 x 8 GB,Black,0
Crucial Ballistix 64 GB (2 x 32 GB) DDR4-3600 CL16,54000,DDR4-3600,2 x 32 GB,Black,0
G.Skill Ripjaws V Series 8 GB (2 x 4 GB) DDR4-2400 CL15,9700,DDR4-2400,2 x 4 GB,Black / Red,0
Team T-Force XTREEM ARGB 32 GB (2 x 16 GB) DDR4-3200 CL16,30000,DDR4-3200,2 x 16 GB,White,0
Corsair Vengeance RGB RT 32 GB (2 x 16 GB) DDR4-3200 CL16,28000,DDR4-3200,2 x 16 GB,White / Black,0
G.Skill Trident Z Neo 32 GB (2 x 16 GB) DDR4-3600 CL18,34000,DDR4-3600,2 x 16 GB,Black / Silver,0
G.Skill Ripjaws V Series 32 GB (2 x 16 GB) DDR4-3200 CL16,27500,DDR4-3200,2 x 16 GB,Black,0
Team T-FORCE VULCAN Z 16 GB (2 x 8 GB) DDR4-3000 CL16,18000,DDR4-3000,2 x 8 GB,Silver / Black,0
G.Skill Ripjaws V Series 16 GB (2 x 8 GB) DDR4-3600 CL16,20500,DDR4-3600,2 x 8 GB,Black,0
Crucial Ballistix 16 GB (2 x 8 GB) DDR4-3000 CL15,19000,DDR4-3000,2 x 8 GB,White,0
G.Skill Trident Z 32 GB (2 x 16 GB) DDR4-3200 CL16,39500,DDR4-3200,2 x 16 GB,Black / White,0
G.Skill Trident Z RGB 64 GB (2 x 32 GB) DDR4-4000 CL18,72000,DDR4-4000,2 x 32 GB,Black,0
Corsair Vengeance RGB Pro SL 32 GB (4 x 8 GB) DDR4-3600 CL18,29000,DDR4-3600,4 x 8 GB,Black,0
Team T-FORCE XCALIBUR RGB SE 16 GB (2 x 8 GB) DDR4-3600 CL18,15200,DDR4-3600,2 x 8 GB,Black,0
Corsair Vengeance LPX 16 GB (2 x 8 GB) DDR4-3600 CL16,18500,DDR4-3600,2 x 8 GB,Black / Yellow,0
G.Skill Aegis 4 GB (1 x 4 GB) DDR4-2400 CL15,4700,DDR4-2400,1 x 4 GB,Black / Red,0
Corsair Vengeance RGB 16 GB (2 x 8 GB) DDR4-2666 CL16,15500,DDR4-2666,2 x 8 GB,Black,0
ADATA XPG GAMMIX D20 16 GB (2 x 8 GB) DDR4-3200 CL16,18500,DDR4-3200,2 x 8 GB,Black,0
Corsair Vengeance RGB Pro 16 GB (2 x 8 GB) DDR4-4000 CL19,21500,DDR4-4000,2 x 8 GB,Black,0
Team T-Force Night Hawk RGB 16 GB (2 x 8 GB) DDR4-4000 CL18,16500,DDR4-4000,2 x 8 GB,Black,0
Team T-Force Vulcan 16 GB (2 x 8 GB) DDR4-3200 CL16,16500,DDR4-3200,2 x 8 GB,Black,0
Team T-FORCE DARK Za 16 GB (2 x 8 GB) DDR4-3200 CL16,13000,DDR4-3200,2 x 8 GB,Black / Silver,0
Corsair Dominator Platinum 32 GB (2 x 16 GB) DDR4-3200 CL16,35000,DDR4-3200,2 x 16 GB,Black / Silver,0
Corsair Vengeance LPX 32 GB (2 x 16 GB) DDR4-3200 CL16,27500,DDR4-3200,2 x 16 GB,Black / Yellow,0
Corsair Vengeance RGB Pro 32 GB (4 x 8 GB) DDR4-3600 CL18,38500,DDR4-3600,4 x 8 GB,Black,0
G.Skill Ripjaws V Series 64 GB (4 x 16 GB) DDR4-3200 CL16,4700,DDR4-3200,4 x 16 GB,Black,0
Team T-FORCE VULCAN TUF Gaming Allian 16 GB (2 x 8 GB) DDR4-3600 CL19,19000,DDR4-3600,2 x 8 GB,Black / Gold,0
Corsair Vengeance LPX 32 GB (2 x 16 GB) DDR4-3600 CL16,28500,DDR4-3600,2 x 16 GB,Black / Yellow,0
G.Skill Trident Z RGB 16 GB (2 x 8 GB) DDR4-3600 CL16,27000,DDR4-3600,2 x 8 GB,Black,0
Kingston HyperX Fury Blue 8 GB (1 x 8 GB) DDR3-1600 CL10,8800,DDR3-1600,1 x 8 GB,Blue / Silver,0
Corsair Vengeance RGB Pro 16 GB (2 x 8 GB) DDR4-3000 CL16,15000,DDR4-3000,2 x 8 GB,Black,0
Team T-FORCE DELTA TUF Gaming 32 GB (2 x 16 GB) DDR4-3200 CL16,13500,DDR4-3200,2 x 16 GB,Black / Gold,0
OLOy WarHawk RGB 32 GB (2 x 16 GB) DDR4-3200 CL16,33500,DDR4-3200,2 x 16 GB,Black,0
Corsair Vengeance LPX 128 GB (4 x 32 GB) DDR4-2400 CL16,110000,DDR4-2400,4 x 32 GB,Black / Yellow,0
Kingston HyperX Fury RGB 32 GB (2 x 16 GB) DDR4-3200 CL16,28500,DDR4-3200,2 x 16 GB,Black,0
Kingston D1G64KL110 8 GB (1 x 8 GB) DDR3-1600 CL11,9100,DDR3-1600,1 x 8 GB,Black,0
G.Skill Trident Z RGB 32 GB (2 x 16 GB) DDR4-3200 CL14,43000,DDR4-3200,2 x 16 GB,Black,0
ADATA XPG SPECTRIX D60G 16 GB (2 x 8 GB) DDR4-3200 CL16,25000,DDR4-3200,2 x 8 GB,Silver / Black,0
Corsair Vengeance LPX 8 GB (2 x 4 GB) DDR4-2666 CL16,12000,DDR4-2666,2 x 4 GB,Black / Yellow,0
G.Skill Trident Z Neo 64 GB (4 x 16 GB) DDR4-3600 CL14,71000,DDR4-3600,4 x 16 GB,Black / Silver,0
Corsair Vengeance RGB Pro SL 32 GB (4 x 8 GB) DDR4-3200 CL16,29000,DDR4-3200,4 x 8 GB,White / Black,0
G.Skill Ripjaws V 32 GB (4 x 8 GB) DDR4-4000 CL15,39000,DDR4-4000,4 x 8 GB,Black,0
Patriot Viper Steel 8 GB (2 x 4 GB) DDR4-3200 CL16,9000,DDR4-3200,2 x 4 GB,Silver / Black,0
Kingston HyperX Fury 16 GB (2 x 8 GB) DDR4-3200 CL16,16500,DDR4-3200,2 x 8 GB,Black,0
Corsair Vengeance LPX 64 GB (2 x 32 GB) DDR4-3200 CL16,48000,DDR4-3200,2 x 32 GB,Black / Yellow,0
G.Skill Trident Z RGB 16 GB (2 x 8 GB) DDR4-3000 CL16,22500,DDR4-3000,2 x 8 GB,Black,0
Kingston HyperX Fury RGB 16 GB (2 x 8 GB) DDR4-3600 CL17,18500,DDR4-3600,2 x 8 GB,Black,0
Patriot Viper 4 Blackout 16 GB (2 x 8 GB) DDR4-3200 CL16,14500,DDR4-3200,2 x 8 GB,Black,0
Crucial Ballistix 32 GB (2 x 16 GB) DDR4-3600 CL16,26500,DDR4-3600,2 x 16 GB,Black,0
G.Skill Trident Z RGB 32 GB (2 x 16 GB) DDR4-3600 CL17,44000,DDR4-3600,2 x 16 GB,Black,0
Corsair Vengeance Pro 8 GB (2 x 4 GB) DDR3-2400 CL11,15000,DDR3-2400,2 x 4 GB,Black,0
Corsair Vengeance RGB Pro 16 GB (2 x 8 GB) DDR4-2933 CL16,12500,DDR4-2933,2 x 8 GB,Black,0
Corsair Dominator Platinum RGB 32 GB (2 x 16 GB) DDR5-4800 CL34,62000,DDR5-4800,2 x 16 GB,Black,0
G.Skill Flare X Series 16 GB (2 x 8 GB) DDR4-3200 CL14,28000,DDR4-3200,2 x 8 GB,Black,0
G.Skill Ripjaws V 64 GB (2 x 32 GB) DDR4-3600 CL18,61000,DDR4-3600,2 x 32 GB,Black,0
Kingston Predator 16 GB (2 x 8 GB) DDR4-3600 CL17,16000,DDR4-3600,2 x 8 GB,Black,0
Gigabyte AORUS RGB 16 GB (2 x 8 GB) DDR4-4400 CL20,24500,DDR4-4400,2 x 8 GB,Black,0
Team T-Force DARK 16 GB (4 x 4 GB) DDR4-2400 CL14,17000,DDR4-2400,4 x 4 GB,Black,0
Team T-Create Classic 16 GB (2 x 8 GB) DDR4-3200 CL22,13000,DDR4-3200,2 x 8 GB,Silver,0
Kingston HyperX Predator RGB 32 GB (4 x 8 GB) DDR4-3600 CL17,35500,DDR4-3600,4 x 8 GB,Black,0
Patriot Viper RGB 16 GB (2 x 8 GB) DDR4-3600 CL16,16000,DDR4-3600,2 x 8 GB,8.889 ns,0
Patriot Viper Steel 64 GB (2 x 32 GB) DDR4-3600 CL18,48000,DDR4-3600,2 x 32 GB,Silver / Black,0
Corsair Vengeance LPX 64 GB (4 x 16 GB) DDR4-3600 CL18,82500,DDR4-3600,4 x 16 GB,Black,0
G.Skill Ripjaws V 32 GB (2 x 16 GB) DDR4-4000 CL18,46000,DDR4-4000,2 x 16 GB,Black,0
G.Skill Ripjaws V 16 GB (2 x 8 GB) DDR4-3600 CL18,23500,DDR4-3600,2 x 8 GB,Black,0
Corsair Dominator Platinum 16 GB (4 x 4 GB) DDR4-3000 CL15,15000,DDR4-3000,4 x 4 GB,Black,0
Team T-Force Night Hawk RGB 16 GB (2 x 8 GB) DDR4-3600 CL18,15000,DDR4-3600,2 x 8 GB,Black,0
Crucial Ballistix Elite 16 GB (2 x 8 GB) DDR4-3200 CL15,14500,DDR4-3200,2 x 8 GB,Black,0
Crucial Ballistix RGB 64 GB (2 x 32 GB) DDR4-3200 CL16,52000,DDR4-3200,2 x 32 GB,White,0
G.Skill Trident Z Royal 16 GB (2 x 8 GB) DDR4-3600 CL16,26500,DDR4-3600,2 x 8 GB,Silver,0
G.Skill Aegis 16 GB (2 x 8 GB) DDR4-3000 CL16,17500,DDR4-3000,2 x 8 GB,Black / Red,0
G.Skill Trident Z Neo 128 GB (4 x 32 GB) DDR4-3200 CL16,168000,DDR4-3200,4 x 32 GB,Black / Silver,0
Corsair Vengeance LPX 64 GB (4 x 16 GB) DDR4-2666 CL16,73000,DDR4-2666,4 x 16 GB,Black / Yellow,0
G.Skill Trident Z Neo 32 GB (2 x 16 GB) DDR4-3200 CL16,29500,DDR4-3200,2 x 16 GB,Silver / Black,0
Kingston HyperX Fury RGB 16 GB (2 x 8 GB) DDR4-3200 CL16,17500,DDR4-3200,2 x 8 GB,Black,0
Kingston Predator 16 GB (2 x 8 GB) DDR3-2133 CL11,13500,DDR3-2133,2 x 8 GB,Black,0
G.Skill Trident Z Royal 64 GB (4 x 16 GB) DDR4-3600 CL16,133000,DDR4-3600,4 x 16 GB,Silver,0
G.Skill Aegis 32 GB (2 x 16 GB) DDR4-3000 CL16,27000,DDR4-3000,2 x 16 GB,Red / Black,0
GeIL SUPER LUCE RGB SYNC 16 GB (2 x 8 GB) DDR4-3200 CL16,18500,DDR4-3200,2 x 8 GB,Black,0
Kingston HyperX Fury RGB 32 GB (4 x 8 GB) DDR4-3466 CL16,36000,DDR4-3466,4 x 8 GB,Black,0
G.Skill Trident Z Neo 32 GB (2 x 16 GB) DDR4-3200 CL14,29000,DDR4-3200,2 x 16 GB,Silver / Black,0
G.Skill Trident Z Neo 32 GB (4 x 8 GB) DDR4-3600 CL18,55000,DDR4-3600,4 x 8 GB,Silver / Black,0
G.Skill Ripjaws V Series 64 GB (4 x 16 GB) DDR4-3200 CL15,46500,DDR4-3200,4 x 16 GB,Black,0
Corsair Vengeance Pro 16 GB (2 x 8 GB) DDR3-1600 CL11,16000,DDR3-1600,2 x 8 GB,Black,0
G.Skill Ripjaws X Series 16 GB (2 x 8 GB) DDR3-2400 CL11,22000,DDR3-2400,2 x 8 GB,Black / Blue,0
Corsair Vengeance RGB Pro 64 GB (4 x 16 GB) DDR4-3600 CL18,56000,DDR4-3600,4 x 16 GB,Black,0
Silicon Power XPOWER Turbine 16 GB (2 x 8 GB) DDR4-3200 CL16,15500,DDR4-3200,2 x 8 GB,Blue,0
G.Skill Trident Z Neo 16 GB (2 x 8 GB) DDR4-3200 CL16,20500,DDR4-3200,2 x 8 GB,Silver / Black,0
G.Skill Trident Z Neo 32 GB (2 x 16 GB) DDR4-4000 CL18,44000,DDR4-4000,2 x 16 GB,Black / Silver,0
Team T-FORCE NIGHT HAWK Legend RGB 32 GB (2 x 16 GB) DDR4-3200 CL16,26000,DDR4-3200,2 x 16 GB,Black,0
Corsair Vengeance LED 32 GB (2 x 16 GB) DDR4-2666 CL16,30000,DDR4-2666,2 x 16 GB,Black / White,0
Corsair Vengeance LED 64 GB (4 x 16 GB) DDR4-3000 CL15,65000,DDR4-3000,4 x 16 GB,Black,0
G.Skill Trident Z RGB 32 GB (2 x 16 GB) DDR4-3000 CL16,40000,DDR4-3000,2 x 16 GB,Black,0
G.Skill Trident Z Royal 32 GB (4 x 8 GB) DDR4-3600 CL16,62000,DDR4-3600,4 x 8 GB,Silver,0
Kingston HyperX Fury 32 GB (2 x 16 GB) DDR4-3200 CL16,28000,DDR4-3200,2 x 16 GB,Black,0
ADATA XPG SPECTRIX D50 16 GB (2 x 8 GB) DDR4-3200 CL16,16700,DDR4-3200,2 x 8 GB,Silver,0
Kingston Savage 8 GB (2 x 4 GB) DDR3-2133 CL11,7900,DDR3-2133,2 x 4 GB,Black,0
Corsair Vengeance RGB Pro SL 16 GB (2 x 8 GB) DDR4-3200 CL16,15000,DDR4-3200,2 x 8 GB,Black,0
Team T-Force XTREEM ARGB 16 GB (2 x 8 GB) DDR4-4000 CL18,21000,DDR4-4000,2 x 8 GB,White,0
G.Skill Trident Z RGB 32 GB (4 x 8 GB) DDR4-3600 CL18,59000,DDR4-3600,4 x 8 GB,Black,0
G.Skill Aegis 32 GB (2 x 16 GB) DDR4-2666 CL19,25000,DDR4-2666,2 x 16 GB,Black / Red,0
Corsair Vengeance LPX 32 GB (2 x 16 GB) DDR4-2400 CL16,32000,DDR4-2400,2 x 16 GB,Black / Yellow,0
Silicon Power XPOWER Zenith RGB Gaming 16 GB (2 x 8 GB) DDR4-3200 CL16,24000,DDR4-3200,2 x 8 GB,Black,0
Patriot Viper Steel 16 GB (2 x 8 GB) DDR4-3200 CL16,16000,DDR4-3200,2 x 8 GB,Silver / Black,0
G.Skill Trident Z 32 GB (4 x 8 GB) DDR4-3600 CL16,50000,DDR4-3600,4 x 8 GB,Black / White,0
Corsair Vengeance LPX 32 GB (4 x 8 GB) DDR4-3000 CL16,37500,DDR4-3000,4 x 8 GB,Black,0
Corsair Dominator Platinum RGB 64 GB (4 x 16 GB) DDR4-3600 CL16,80000,DDR4-3600,4 x 16 GB,Black,0
Crucial Ballistix RGB 32 GB (2 x 16 GB) DDR4-3600 CL16,26500,DDR4-3600,2 x 16 GB,Black,0
G.Skill Trident Z Royal 128 GB (4 x 32 GB) DDR4-3600 CL18,210000,DDR4-3600,4 x 32 GB,Silver,0
G.Skill Ripjaws V Series 16 GB (2 x 8 GB) DDR4-2133 CL15,16600,DDR4-2133,2 x 8 GB,Black / Red,0
G.Skill Trident Z Neo 16 GB (2 x 8 GB) DDR4-3600 CL18,22000,DDR4-3600,2 x 8 GB,Black / Silver,0
Patriot Viper Steel 32 GB (2 x 16 GB) DDR4-3200 CL16,29000,DDR4-3200,2 x 16 GB,Silver / Black,0
G.Skill Trident Z 16 GB (2 x 8 GB) DDR4-4000 CL18,23000,DDR4-4000,2 x 8 GB,Black / White,0
G.Skill Trident Z Royal 32 GB (4 x 8 GB) DDR4-3600 CL17,61500,DDR4-3600,4 x 8 GB,Silver,0
Corsair Vengeance RGB 16 GB (2 x 8 GB) DDR4-3000 CL16,17500,DDR4-3000,2 x 8 GB,Black,0
G.Skill Trident Z Royal 16 GB (2 x 8 GB) DDR4-3600 CL18,26000,DDR4-3600,2 x 8 GB,Silver,0
G.Skill Aegis 32 GB (2 x 16 GB) DDR4-3200 CL16,28000,DDR4-3200,2 x 16 GB,Red / Black,0
G.Skill Trident Z Royal 32 GB (4 x 8 GB) DDR4-3200 CL16,58500,DDR4-3200,4 x 8 GB,Silver,0
Kingston HyperX Predator 16 GB (2 x 8 GB) DDR4-3000 CL15,18500,DDR4-3000,2 x 8 GB,Black,0
G.Skill Ripjaws X Series 16 GB (4 x 4 GB) DDR3-1600 CL9,23500,DDR3-1600,4 x 4 GB,Black / Red,0
Corsair Vengeance RGB Pro 32 GB (4 x 8 GB) DDR4-4000 CL18,40000,DDR4-4000,4 x 8 GB,Black,0
Kingston HyperX Predator RGB 32 GB (4 x 8 GB) DDR4-3200 CL16,36000,DDR4-3200,4 x 8 GB,Black,0
Corsair Vengeance RGB Pro 64 GB (2 x 32 GB) DDR4-3000 CL16,54500,DDR4-3000,2 x 32 GB,Black,0
Team T-Force XTREEM ARGB 16 GB (2 x 8 GB) DDR4-3200 CL16,18000,DDR4-3200,2 x 8 GB,White,0
Corsair Vengeance RGB Pro 32 GB (2 x 16 GB) DDR4-3466 CL16,27000,DDR4-3466,2 x 16 GB,Black,0
Kingston HyperX Predator 32 GB (2 x 16 GB) DDR4-3200 CL16,34500,DDR4-3200,2 x 16 GB,Black,0
G.Skill Trident Z Neo 32 GB (2 x 16 GB) DDR4-3800 CL14,37000,DDR4-3800,2 x 16 GB,Black,0
Kingston HyperX Fury Blue 8 GB (2 x 4 GB) DDR3-1600 CL10,8500,DDR3-1600,2 x 4 GB,Black,0
Crucial Ballistix Sport LT 16 GB (2 x 8 GB) DDR4-3000 CL15,30000,DDR4-3000,2 x 8 GB,Black,0
G.Skill Ripjaws V Series 16 GB (2 x 8 GB) DDR4-3000 CL15,18500,DDR4-3000,2 x 8 GB,Black,0
G.Skill Trident Z RGB 32 GB (4 x 8 GB) DDR4-3600 CL16,58500,DDR4-3600,4 x 8 GB,Black,0
Kingston FURY 8 GB (2 x 4 GB) DDR4-2400 CL15,8800,DDR4-2400,2 x 4 GB,Black,0
G.Skill Ripjaws V 32 GB (2 x 16 GB) DDR4-3600 CL19,38500,DDR4-3600,2 x 16 GB,Red / Black,0
Kingston HyperX Fury 16 GB (1 x 16 GB) DDR4-2666 CL16,15800,DDR4-2666,1 x 16 GB,Black,0
Corsair Vengeance RGB RT 16 GB (2 x 8 GB) DDR4-3600 CL16,16000,DDR4-3600,2 x 8 GB,Black,0
Team T-Force Delta RGB 16 GB (2 x 8 GB) DDR4-2666 CL15,15000,DDR4-2666,2 x 8 GB,Black,0
Team XCALIBUR Phantom Gaming RGB 16 GB (2 x 8 GB) DDR4-3600 CL18,18500,DDR4-3600,2 x 8 GB,Black,0
Corsair Vengeance RGB Pro 128 GB (8 x 16 GB) DDR4-3200 CL16,120000,DDR4-3200,8 x 16 GB,Black,0
ADATA XPG SPECTRIX D41 16 GB (2 x 8 GB) DDR4-3000 CL16,12000,DDR4-3000,2 x 8 GB,Black,0
Kingston HyperX Predator 32 GB (4 x 8 GB) DDR4-2400 CL12,33500,DDR4-2400,4 x 8 GB,Black,0
ADATA XPG GAMMIX D10 16 GB (2 x 8 GB) DDR4-2666 CL16,12000,DDR4-2666,2 x 8 GB,Black,0
Corsair Vengeance LPX 32 GB (2 x 16 GB) DDR4-3600 CL19,31000,DDR4-3600,2 x 16 GB,Black,0
Team T-Force Delta RGB 32 GB (2 x 16 GB) DDR4-3600 CL18,29000,DDR4-3600,2 x 16 GB,Black,0
Crucial Ballistix 16 GB (2 x 8 GB) DDR3-1600 CL8,17500,DDR3-1600,2 x 8 GB,Black,0
Team Night Hawk RGB 16 GB (2 x 8 GB) DDR4-3200 CL16,14500,DDR4-3200,2 x 8 GB,Black,0
Team T-FORCE DARK Z 16 GB (2 x 8 GB) DDR4-3200 CL16,16000,DDR4-3200,2 x 8 GB,Silver / Black,0
G.Skill Trident Z Neo 32 GB (4 x 8 GB) DDR4-3800 CL18,58000,DDR4-3800,4 x 8 GB,Black,0
Kingston HyperX Predator 64 GB (4 x 16 GB) DDR4-2666 CL13,68000,DDR4-2666,4 x 16 GB,Black,0
G.Skill Trident Z Royal 64 GB (2 x 32 GB) DDR4-3600 CL18,135000,DDR4-3600,2 x 32 GB,Silver,0
GeIL EVO POTENZA 16 GB (2 x 8 GB) DDR4-2400 CL16,17500,DDR4-2400,2 x 8 GB,Black,0
G.Skill Ripjaws V 64 GB (4 x 16 GB) DDR4-3600 CL16,70000,DDR4-3600,4 x 16 GB,Black,0
Kingston Fury Renegade 16 GB (2 x 8 GB) DDR4-3200 CL16,18700,DDR4-3200,2 x 8 GB,Black,0
G.Skill Ripjaws V 64 GB (2 x 32 GB) DDR4-3200 CL16,53000,DDR4-3200,2 x 32 GB,Black,0
G.Skill Trident Z RGB 16 GB (2 x 8 GB) DDR4-3000 CL15,21500,DDR4-3000,2 x 8 GB,Black,0
Crucial Ballistix Sport LT 16 GB (4 x 4 GB) DDR4-2400 CL16,18500,DDR4-2400,4 x 4 GB,Black,0
Crucial Ballistix MAX 32 GB (2 x 16 GB) DDR4-4400 CL19,28500,DDR4-4400,2 x 16 GB,Black,0
Corsair Vengeance RGB Pro 128 GB (4 x 32 GB) DDR4-3600 CL18,110000,DDR4-3600,4 x 32 GB,Black,0
Kingston HyperX Fury Blue 8 GB (2 x 4 GB) DDR3-1866 CL10,9000,DDR3-1866,2 x 4 GB,Blue / Silver,0
GeIL Evo X II RGB SYNC 16 GB (2 x 8 GB) DDR4-3600 CL18,21000,DDR4-3600,2 x 8 GB,Black,0
Neo Forza FAYE 16 GB (2 x 8 GB) DDR4-3600 CL18,17000,DDR4-3600,2 x 8 GB,Black,0
G.Skill Trident Z RGB 32 GB (4 x 8 GB) DDR4-3200 CL14,56500,DDR4-3200,4 x 8 GB,Black,0
G.Skill Trident Z RGB 64 GB (4 x 16 GB) DDR4-3600 CL14,73000,DDR4-3600,4 x 16 GB,Black,0
Crucial Ballistix Sport LT 32 GB (2 x 16 GB) DDR4-2400 CL16,35000,DDR4-2400,2 x 16 GB,Black,0
Thermaltake TOUGHRAM RGB 16 GB (2 x 8 GB) DDR4-3000 CL16,21000,DDR4-3000,2 x 8 GB,Black,0
Corsair Vengeance LPX 16 GB (2 x 8 GB) DDR4-4000 CL19,23000,DDR4-4000,2 x 8 GB,Black / Yellow,0
Thermaltake TOUGHRAM RGB 16 GB (2 x 8 GB) DDR4-3600 CL18,24000,DDR4-3600,2 x 8 GB,White / Silver,0
ADATA XPG Z1 16 GB (2 x 8 GB) DDR4-3000 CL16,25000,DDR4-3000,2 x 8 GB,Silver / Black,0
G.Skill Ripjaws V 32 GB (4 x 8 GB) DDR4-3600 CL18,37000,DDR4-3600,4 x 8 GB,Black,0
Team T-Force XTREEM ARGB 64 GB (2 x 32 GB) DDR4-3600 CL18,68000,DDR4-3600,2 x 32 GB,White,0
Team T-FORCE DELTA TUF Gaming 16 GB (2 x 8 GB) DDR4-3200 CL16,13500,DDR4-3200,2 x 8 GB,Black / Gold,0
G.Skill Trident Z Royal 64 GB (4 x 16 GB) DDR4-3600 CL14,134000,DDR4-3600,4 x 16 GB,Silver,0
Corsair Vengeance RGB Pro 32 GB (2 x 16 GB) DDR4-4000 CL18,31000,DDR4-4000,2 x 16 GB,Black,0
G.Skill Ares Series 16 GB (2 x 8 GB) DDR3-1600 CL10,18000,DDR3-1600,2 x 8 GB,Black / Orange,0
Crucial Ballistix MAX RGB 16 GB (2 x 8 GB) DDR4-4000 CL18,16000,DDR4-4000,2 x 8 GB,Black,0
Corsair Vengeance RGB Pro 64 GB (4 x 16 GB) DDR4-3200 CL16,54000,DDR4-3200,4 x 16 GB,Black,0
Patriot Viper Steel 16 GB (2 x 8 GB) DDR4-4133 CL19,19500,DDR4-4133,2 x 8 GB,Silver / Black,0
G.Skill Ripjaws V Series 8 GB (1 x 8 GB) DDR4-2666 CL15,7500,DDR4-2666,1 x 8 GB,Red,0
Corsair Vengeance LPX 8 GB (1 x 8 GB) DDR4-3200 CL16,14000,DDR4-3200,1 x 8 GB,Black / Yellow,0
Silicon Power XPOWER Gaming 16 GB (2 x 8 GB) DDR4-3200 CL16,15500,DDR4-3200,2 x 8 GB,Black / Silver,0
ADATA XPG Gammix D10 16 GB (2 x 8 GB) DDR4-3200 CL16,16000,DDR4-3200,2 x 8 GB,Black,0
Patriot Viper 4 Blackout 8 GB (2 x 4 GB) DDR4-3200 CL19,14500,DDR4-3200,2 x 4 GB,Black,0
Team T-FORCE DARK Za 16 GB (2 x 8 GB) DDR4-4000 CL18,16000,DDR4-4000,2 x 8 GB,Black / Silver,0
Corsair Vengeance RGB Pro 32 GB (2 x 16 GB) DDR4-3200 CL16,25000,DDR4-3200,2 x 16 GB,Black,1
G.Skill Trident Z 16 GB (2 x 8 GB) DDR4-3200 CL16,19500,DDR4-3200,2 x 8 GB,Black / White,1
G.Skill Ripjaws V 32 GB (2 x 16 GB) DDR4-3600 CL16,35000,DDR4-3600,2 x 16 GB,Black,1
Corsair Vengeance LPX 32 GB (2 x 16 GB) DDR4-3200 CL16,27500,DDR4-3200,2 x 16 GB,Black / Yellow,1
G.Skill Trident Z RGB 16 GB (2 x 8 GB) DDR4-4000 CL18,34000,DDR4-4000,2 x 8 GB,Black,1
Kingston HyperX Fury 32 GB (2 x 16 GB) DDR4-3200 CL16,28000,DDR4-3200,2 x 16 GB,Black,1
Crucial Ballistix 16 GB (2 x 8 GB) DDR4-3600 CL16,20000,DDR4-3600,2 x 8 GB,Black,1
Corsair Vengeance RGB Pro 32 GB (2 x 16 GB) DDR4-3600 CL18,29000,DDR4-3600,2 x 16 GB,Black,1
G.Skill Trident Z Royal 32 GB (4 x 8 GB) DDR4-4000 CL15,65000,DDR4-4000,4 x 8 GB,Black,1
G.Skill Trident Z Neo 32 GB (2 x 16 GB) DDR4-3600 CL16,32000,DDR4-3600,2 x 16 GB,Black / Silver,1
G.Skill Trident Z Neo 16 GB (2 x 8 GB) DDR4-3600 CL16,20500,DDR4-3600,2 x 8 GB,Black / Silver,1
Corsair Vengeance RGB Pro SL 32 GB (2 x 16 GB) DDR4-3600 CL18,29000,DDR4-3600,2 x 16 GB,White / Black,1
Crucial Ballistix RGB 16 GB (2 x 8 GB) DDR4-3200 CL16,16000,DDR4-3200,2 x 8 GB,Black,1
Corsair Vengeance RGB Pro 16 GB (2 x 8 GB) DDR4-3200 CL16,16500,DDR4-3200,2 x 8 GB,Black,1
G.Skill Ripjaws V Series 32 GB (2 x 16 GB) DDR4-3200 CL16,27500,DDR4-3200,2 x 16 GB,Black,1
G.Skill Ripjaws V Series 16 GB (2 x 8 GB) DDR4-3200 CL16,19000,DDR4-3200,2 x 8 GB,Black,1
Crucial Ballistix RGB 16 GB (2 x 8 GB) DDR4-3600 CL16,18500,DDR4-3600,2 x 8 GB,Black,1
G.Skill Trident Z Neo 64 GB (4 x 16 GB) DDR4-3600 CL16,72500,DDR4-3600,4 x 16 GB,Black / Silver,1
Corsair Vengeance RGB Pro 16 GB (2 x 8 GB) DDR4-3600 CL18,18500,DDR4-3600,2 x 8 GB,Black,1
Corsair Vengeance LPX 32 GB (2 x 16 GB) DDR4-3600 CL18,29500,DDR4-3600,2 x 16 GB,Black / Yellow,1
G.Skill Ripjaws X Series 16 GB (2 x 8 GB) DDR3-1866 CL10,20500,DDR3-1866,2 x 8 GB,Black,1
Avexir Green 8 GB (2 x 4 GB) DDR3-1600 CL9,15000,DDR3-1600,2 x 4 GB,Black,1
Thermaltake H-ONE 16 GB (2 x 8 GB) DDR4-3200 CL16,20000,DDR4-3200,2 x 8 GB,Black,1
Kingston HyperX Fury 16 GB (2 x 8 GB) DDR4-3200 CL16,16500,DDR4-3200,2 x 8 GB,Black,1
G.Skill Aegis 16 GB (2 x 8 GB) DDR4-3200 CL16,18000,DDR4-3200,2 x 8 GB,Red / Black,1
G.Skill Ripjaws V Series 64 GB (4 x 16 GB) DDR4-3200 CL16,4700,DDR4-3200,4 x 16 GB,Black,1
Corsair Vengeance RGB Pro 32 GB (4 x 8 GB) DDR4-3600 CL18,38500,DDR4-3600,4 x 8 GB,Black,1
Corsair Dominator Platinum RGB 64 GB (4 x 16 GB) DDR4-3600 CL18,82000,DDR4-3600,4 x 16 GB,White,1
Team T-FORCE VULCAN Z 16 GB (2 x 8 GB) DDR4-3200 CL16,19000,DDR4-3200,2 x 8 GB,Black,1
G.Skill Trident Z RGB 16 GB (2 x 8 GB) DDR4-3200 CL16,25000,DDR4-3200,2 x 8 GB,Black,1
Corsair Vengeance LPX 64 GB (2 x 32 GB) DDR4-3200 CL16,48000,DDR4-3200,2 x 32 GB,Black / Yellow,1
Corsair Vengeance RGB Pro 64 GB (4 x 16 GB) DDR4-3600 CL18,56000,DDR4-3600,4 x 16 GB,Black,1
G.Skill Trident Z Neo 32 GB (2 x 16 GB) DDR4-4000 CL16,42500,DDR4-4000,2 x 16 GB,Black / Silver,1
G.Skill Trident Z RGB 32 GB (2 x 16 GB) DDR4-3200 CL16,45000,DDR4-3200,2 x 16 GB,Black,1
Team T-Force Delta RGB 16 GB (2 x 8 GB) DDR4-3200 CL16,17000,DDR4-3200,2 x 8 GB,Black,1
Corsair Vengeance LPX 64 GB (4 x 16 GB) DDR4-2666 CL16,73000,DDR4-2666,4 x 16 GB,Black / Yellow,1
Team T-Force Delta RGB 32 GB (2 x 16 GB) DDR4-3600 CL18,29000,DDR4-3600,2 x 16 GB,Black,1
Crucial Ballistix 16 GB (2 x 8 GB) DDR4-3200 CL16,19500,DDR4-3200,2 x 8 GB,Black,1
Kingston HyperX Fury 16 GB (2 x 8 GB) DDR4-2666 CL16,16500,DDR4-2666,2 x 8 GB,Black,1
G.Skill Ripjaws V 16 GB (2 x 8 GB) DDR4-3600 CL16,22500,DDR4-3600,2 x 8 GB,Black,1
Crucial Ballistix 32 GB (2 x 16 GB) DDR4-3200 CL16,25000,DDR4-3200,2 x 16 GB,Black,1
G.Skill Ripjaws V 64 GB (2 x 32 GB) DDR4-2666 CL18,48000,DDR4-2666,2 x 32 GB,Black,1
Corsair Vengeance RGB Pro 16 GB (2 x 8 GB) DDR4-3600 CL16,18500,DDR4-3600,2 x 8 GB,Black,1
Corsair Vengeance LPX 16 GB (2 x 8 GB) DDR4-3000 CL16,14000,DDR4-3000,2 x 8 GB,Black,1
G.Skill Trident Z RGB 16 GB (2 x 8 GB) DDR4-3600 CL18,30000,DDR4-3600,2 x 8 GB,Black,1
G.Skill Trident Z RGB 32 GB (4 x 8 GB) DDR4-3200 CL16,56000,DDR4-3200,4 x 8 GB,Black,1
Corsair Vengeance LPX 16 GB (2 x 8 GB) DDR4-3200 CL16,16000,DDR4-3200,2 x 8 GB,Black / Yellow,1
G.Skill Trident Z Royal 32 GB (2 x 16 GB) DDR4-4000 CL18,50500,DDR4-4000,2 x 16 GB,Silver,1
Crucial Ballistix 32 GB (2 x 16 GB) DDR4-3600 CL16,26500,DDR4-3600,2 x 16 GB,Black,1
Corsair Dominator Platinum RGB 32 GB (2 x 16 GB) DDR4-3200 CL16,34000,DDR4-3200,2 x 16 GB,Black,1
Corsair Vengeance RGB Pro 32 GB (4 x 8 GB) DDR4-3200 CL16,37000,DDR4-3200,4 x 8 GB,Black,1
ADATA XPG Z1 16 GB (2 x 8 GB) DDR4-3000 CL16,25000,DDR4-3000,2 x 8 GB,Silver / Black,1
G.Skill Trident Z RGB 16 GB (2 x 8 GB) DDR4-3000 CL16,22500,DDR4-3000,2 x 8 GB,Black,1
G.Skill Trident Z RGB 32 GB (4 x 8 GB) DDR4-3600 CL19,57500,DDR4-3600,4 x 8 GB,Black,1
Corsair Vengeance RGB Pro 16 GB (2 x 8 GB) DDR4-3000 CL16,15000,DDR4-3000,2 x 8 GB,Black,1
Corsair Vengeance LPX 16 GB (2 x 8 GB) DDR4-3000 CL15,14500,DDR4-3000,2 x 8 GB,Black / Yellow,1
G.Skill Ripjaws V 16 GB (2 x 8 GB) DDR4-3600 CL18,23500,DDR4-3600,2 x 8 GB,Black,1
G.Skill Trident Z Royal 64 GB (4 x 16 GB) DDR4-3600 CL14,134000,DDR4-3600,4 x 16 GB,Silver,1
ADATA XPG SPECTRIX D60G 16 GB (2 x 8 GB) DDR4-3000 CL16,22500,DDR4-3000,2 x 8 GB,Black,1
Silicon Power SU016GXLZU320BDAJ6 16 GB (2 x 8 GB) DDR4-3200 CL16,15000,DDR4-3200,2 x 8 GB,Black,1
G.Skill Trident Z RGB 16 GB (2 x 8 GB) DDR4-4266 CL19,37500,DDR4-4266,2 x 8 GB,Multicolor,1
G.Skill Trident Z Neo 32 GB (4 x 8 GB) DDR4-3800 CL14,57000,DDR4-3800,4 x 8 GB,Black,1
Corsair Dominator Platinum RGB 32 GB (4 x 8 GB) DDR4-3600 CL16,59500,DDR4-3600,4 x 8 GB,Black,1
PNY Anarchy 16 GB (2 x 8 GB) DDR4-2400 CL15,14000,DDR4-2400,2 x 8 GB,Black,1
Kingston HyperX Fury RGB 16 GB (2 x 8 GB) DDR4-3600 CL17,18500,DDR4-3600,2 x 8 GB,Black,1
Kingston HyperX Predator 32 GB (2 x 16 GB) DDR4-3600 CL17,36000,DDR4-3600,2 x 16 GB,Black,1
Crucial Ballistix 16 GB (2 x 8 GB) DDR4-3000 CL15,19000,DDR4-3000,2 x 8 GB,White,1
G.Skill Trident Z Royal 64 GB (2 x 32 GB) DDR4-3600 CL16,138000,DDR4-3600,2 x 32 GB,Gold,1
Corsair Vengeance LPX 16 GB (2 x 8 GB) DDR4-3600 CL18,19000,DDR4-3600,2 x 8 GB,Black,1
G.Skill Trident Z Neo 64 GB (2 x 32 GB) DDR4-3600 CL18,72000,DDR4-3600,2 x 32 GB,Silver / Black,1
Corsair Dominator Platinum RGB 16 GB (2 x 8 GB) DDR4-3600 CL18,24000,DDR4-3600,2 x 8 GB,Black,1
G.Skill Trident Z Royal 32 GB (4 x 8 GB) DDR4-3600 CL16,62000,DDR4-3600,4 x 8 GB,Silver,1
PNY XLR8 16 GB (2 x 8 GB) DDR4-3200 CL16,16500,DDR4-3200,2 x 8 GB,Black,1
G.Skill Trident Z RGB 64 GB (2 x 32 GB) DDR4-4000 CL18,72000,DDR4-4000,2 x 32 GB,Black,1
Corsair Vengeance 16 GB (2 x 8 GB) DDR3-1600 CL9,16000,DDR3-1600,2 x 8 GB,Black / Yellow,1
G.Skill Trident Z RGB 32 GB (4 x 8 GB) DDR4-3000 CL16,55000,DDR4-3000,4 x 8 GB,Black,1
Patriot Viper 4 8 GB (2 x 4 GB) DDR4-3000 CL16,8000,DDR4-3000,2 x 4 GB,Black / Red,1
Corsair Vengeance LPX 32 GB (2 x 16 GB) DDR4-4133 CL19,31000,DDR4-4133,2 x 16 GB,Black,1
Crucial Ballistix RGB 16 GB (2 x 8 GB) DDR4-3000 CL15,14500,DDR4-3000,2 x 8 GB,Black,1
G.Skill Trident Z Neo 16 GB (2 x 8 GB) DDR4-3600 CL18,22000,DDR4-3600,2 x 8 GB,Black / Silver,1
Corsair Vengeance RGB Pro SL 16 GB (2 x 8 GB) DDR4-3600 CL18,16500,DDR4-3600,2 x 8 GB,Black,1
Corsair Dominator Platinum RGB 64 GB (4 x 16 GB) DDR4-3600 CL16,80000,DDR4-3600,4 x 16 GB,Black,1
G.Skill Sniper Series 8 GB (2 x 4 GB) DDR3-1866 CL9,8500,DDR3-1866,2 x 4 GB,Black / Red,1
G.Skill Trident Z Royal 32 GB (2 x 16 GB) DDR4-3600 CL16,50000,DDR4-3600,2 x 16 GB,Silver,1
Patriot Viper Steel 16 GB (2 x 8 GB) DDR4-3600 CL17,17000,DDR4-3600,2 x 8 GB,Silver / Black,1
Corsair Vengeance LPX 8 GB (1 x 8 GB) DDR4-3200 CL16,14000,DDR4-3200,1 x 8 GB,Black / Yellow,1
Team T-FORCE DARK Za 16 GB (2 x 8 GB) DDR4-3600 CL18,14500,DDR4-3600,2 x 8 GB,Black / Silver,1
G.Skill Ripjaws V 64 GB (2 x 32 GB) DDR4-3600 CL18,61000,DDR4-3600,2 x 32 GB,Black,1
Crucial Ballistix RGB 32 GB (2 x 16 GB) DDR4-3600 CL16,26500,DDR4-3600,2 x 16 GB,Black,1
GeIL EVO POTENZA 16 GB (2 x 8 GB) DDR4-3000 CL16,19000,DDR4-3000,2 x 8 GB,Black,1
Kingston HyperX Fury RGB 32 GB (4 x 8 GB) DDR4-3000 CL15,32000,DDR4-3000,4 x 8 GB,Black,1
Corsair Vengeance LPX 32 GB (2 x 16 GB) DDR4-3000 CL15,26000,DDR4-3000,2 x 16 GB,Black / Yellow,1
OLOy WarHawk RGB 16 GB (2 x 8 GB) DDR4-3200 CL16,15000,DDR4-3200,2 x 8 GB,Black / Gold,1
G.Skill Trident Z RGB 32 GB (4 x 8 GB) DDR4-3600 CL16,58500,DDR4-3600,4 x 8 GB,Black,1
G.Skill Trident Z RGB 256 GB (8 x 32 GB) DDR4-3600 CL18,235000,DDR4-3600,8 x 32 GB,Black,1
G.Skill Trident Z RGB 32 GB (2 x 16 GB) DDR4-3600 CL16,46000,DDR4-3600,2 x 16 GB,Black,1
Kingston HyperX Fury RGB 32 GB (2 x 16 GB) DDR4-3733 CL19,29000,DDR4-3733,2 x 16 GB,Black,1
Gigabyte AORUS RGB 16 GB (2 x 8 GB) DDR4-3200 CL16,18500,DDR4-3200,2 x 8 GB,Black,1
Silicon Power XPOWER Turbine 16 GB (2 x 8 GB) DDR4-3200 CL16,15500,DDR4-3200,2 x 8 GB,Blue,1
G.Skill Trident Z RGB 64 GB (4 x 16 GB) DDR4-3600 CL16,69700,DDR4-3600,4 x 16 GB,Black,1
Team T-Create Expert 16 GB (2 x 8 GB) DDR4-3600 CL18,14000,DDR4-3600,2 x 8 GB,Black,1
Team T-FORCE VULCAN Z 32 GB (2 x 16 GB) DDR4-3200 CL16,29000,DDR4-3200,2 x 16 GB,Black,1
OLOy WarHawk RGB 16 GB (2 x 8 GB) DDR4-3600 CL18,16000,DDR4-3600,2 x 8 GB,Black / White,1
G.Skill Ripjaws V Series 16 GB (2 x 8 GB) DDR4-3200 CL15,19000,DDR4-3200,2 x 8 GB,Black,1
Corsair Vengeance LPX 16 GB (2 x 8 GB) DDR4-2400 CL16,15000,DDR4-2400,2 x 8 GB,Black / Yellow,1
G.Skill Ripjaws Series 16 GB (4 x 4 GB) DDR3-1333 CL9,20000,DDR3-1333,4 x 4 GB,Black,1
G.Skill Trident Z Neo 32 GB (2 x 16 GB) DDR4-3600 CL18,34000,DDR4-3600,2 x 16 GB,Black / Silver,1
Team T-Force Delta RGB 16 GB (2 x 8 GB) DDR4-3600 CL18,19500,DDR4-3600,2 x 8 GB,White,1
Kingston HyperX Fury Black 8 GB (2 x 4 GB) DDR4-2133 CL14,10000,DDR4-2133,2 x 4 GB,Black,1
Corsair Vengeance LPX 16 GB (2 x 8 GB) DDR4-3600 CL16,18500,DDR4-3600,2 x 8 GB,Black / Yellow,1
Corsair Vengeance RGB Pro 32 GB (2 x 16 GB) DDR4-2666 CL16,39000,DDR4-2666,2 x 16 GB,White,1
Kingston ValueRAM 4 GB (2 x 2 GB) DDR2-800 CL6,1800,DDR2-800,2 x 2 GB,Green,1
OLOy WarHawk RGB 32 GB (2 x 16 GB) DDR4-3600 CL18,34500,DDR4-3600,2 x 16 GB,White,1
G.Skill Ripjaws V 64 GB (2 x 32 GB) DDR4-3200 CL16,53000,DDR4-3200,2 x 32 GB,Black,1
Corsair Vengeance RGB 32 GB (4 x 8 GB) DDR4-3200 CL16,55000,DDR4-3200,4 x 8 GB,Black,1
G.Skill Ripjaws V Series 16 GB (2 x 8 GB) DDR4-2400 CL15,17000,DDR4-2400,2 x 8 GB,Black / Red,1
Crucial Ballistix 16 GB (2 x 8 GB) DDR3-1600 CL8,17500,DDR3-1600,2 x 8 GB,Black,1
G.Skill Value 8 GB (2 x 4 GB) DDR3-1600 CL11,9700,DDR3-1600,2 x 4 GB,Black,1
Corsair Dominator Platinum RGB 32 GB (2 x 16 GB) DDR4-3600 CL18,43000,DDR4-3600,2 x 16 GB,Black,1
Team T-Force XTREEM ARGB 16 GB (2 x 8 GB) DDR4-3600 CL18,19000,DDR4-3600,2 x 8 GB,White,1
V-Color SKYWALKER PLUS 32 GB (2 x 16 GB) DDR4-3200 CL16,34500,DDR4-3200,2 x 16 GB,Silver / Black,1
G.Skill Trident Z Royal 32 GB (2 x 16 GB) DDR4-4000 CL19,49500,DDR4-4000,2 x 16 GB,Gold,1
Kingston HyperX Fury RGB 32 GB (2 x 16 GB) DDR4-3200 CL16,28500,DDR4-3200,2 x 16 GB,Black,1
G.Skill Trident Z 16 GB (2 x 8 GB) DDR4-3600 CL16,21500,DDR4-3600,2 x 8 GB,Black / White,1
Corsair Vengeance LPX 32 GB (4 x 8 GB) DDR4-3600 CL18,42000,DDR4-3600,4 x 8 GB,Black / Yellow,1
Corsair Vengeance RGB 16 GB (2 x 8 GB) DDR4-3000 CL16,17500,DDR4-3000,2 x 8 GB,Black,1
G.Skill Trident Z Royal 32 GB (2 x 16 GB) DDR4-3600 CL19,48500,DDR4-3600,2 x 16 GB,Silver,1
Kingston HyperX Fury Red 16 GB (2 x 8 GB) DDR3-1866 CL10,15000,DDR3-1866,2 x 8 GB,Black,1
Team T-FORCE DARK Za 16 GB (2 x 8 GB) DDR4-4000 CL18,16000,DDR4-4000,2 x 8 GB,Black / Silver,1
Thermaltake TOUGHRAM RC 16 GB (2 x 8 GB) DDR4-3200 CL16,23000,DDR4-3200,2 x 8 GB,Black,1
Silicon Power XPOWER Zenith RGB Gaming 16 GB (2 x 8 GB) DDR4-3200 CL16,24000,DDR4-3200,2 x 8 GB,Black,1
Kingston HyperX Fury 128 GB (4 x 32 GB) DDR4-3200 CL16,119500,DDR4-3200,4 x 32 GB,Black,1
G.Skill Ripjaws V 16 GB (2 x 8 GB) DDR4-3600 CL19,24500,DDR4-3600,2 x 8 GB,Red / Black,1
ADATA XPG SPECTRIX D41 16 GB (2 x 8 GB) DDR4-3200 CL16,14000,DDR4-3200,2 x 8 GB,Black,1
GeIL EVO POTENZA 8 GB (1 x 8 GB) DDR4-2400 CL16,8500,DDR4-2400,1 x 8 GB,Black,1
G.Skill Trident Z RGB 16 GB (2 x 8 GB) DDR4-3200 CL14,24000,DDR4-3200,2 x 8 GB,Black,1
G.Skill Aegis 16 GB (2 x 8 GB) DDR4-3000 CL16,17500,DDR4-3000,2 x 8 GB,Black / Red,1
G.Skill Trident Z RGB 64 GB (4 x 16 GB) DDR4-3600 CL14,73000,DDR4-3600,4 x 16 GB,Black,1
G.Skill Ripjaws V 64 GB (4 x 16 GB) DDR4-3600 CL14,68000,DDR4-3600,4 x 16 GB,Black,1
G.Skill Trident Z Royal 16 GB (2 x 8 GB) DDR4-3600 CL16,26500,DDR4-3600,2 x 8 GB,Silver,1
Crucial Ballistix RGB 32 GB (2 x 16 GB) DDR4-3200 CL16,24500,DDR4-3200,2 x 16 GB,Black,1
Crucial Ballistix MAX 16 GB (2 x 8 GB) DDR4-4400 CL19,15000,DDR4-4400,2 x 8 GB,Black,1
Corsair Vengeance RGB Pro 64 GB (2 x 32 GB) DDR4-4000 CL18,59000,DDR4-4000,2 x 32 GB,Black,1
G.Skill Trident Z RGB 16 GB (2 x 8 GB) DDR4-4400 CL18,39000,DDR4-4400,2 x 8 GB,Black,1
Crucial Ballistix Sport LT 8 GB (1 x 8 GB) DDR4-3000 CL15,10000,DDR4-3000,1 x 8 GB,Black,1
Crucial Ballistix MAX 32 GB (2 x 16 GB) DDR4-4400 CL19,28500,DDR4-4400,2 x 16 GB,Black,1
G.Skill Trident Z Royal 16 GB (2 x 8 GB) DDR4-3200 CL16,24500,DDR4-3200,2 x 8 GB,Silver,1
Corsair Dominator Platinum RGB 32 GB (4 x 8 GB) DDR4-3200 CL16,54000,DDR4-3200,4 x 8 GB,Black,1
G.Skill Aegis 16 GB (2 x 8 GB) DDR4-2666 CL19,15500,DDR4-2666,2 x 8 GB,Red / Black,1
G.Skill Trident Z Neo 128 GB (4 x 32 GB) DDR4-3600 CL16,179000,DDR4-3600,4 x 32 GB,Black / Silver,1
G.Skill Aegis 16 GB (1 x 16 GB) DDR4-3000 CL16,16000,DDR4-3000,1 x 16 GB,Black,1
G.Skill Trident Z Royal 64 GB (4 x 16 GB) DDR4-3600 CL18,131000,DDR4-3600,4 x 16 GB,Black,1
Crucial Ballistix RGB 64 GB (2 x 32 GB) DDR4-3600 CL16,56000,DDR4-3600,2 x 32 GB,Black,1
Crucial Ballistix 32 GB (2 x 16 GB) DDR4-3000 CL15,24000,DDR4-3000,2 x 16 GB,Red,1
ADATA XPG SPECTRIX D60G 16 GB (2 x 8 GB) DDR4-3200 CL16,25000,DDR4-3200,2 x 8 GB,Silver / Black,1
Corsair Vengeance RGB Pro SL 32 GB (4 x 8 GB) DDR4-3200 CL16,29000,DDR4-3200,4 x 8 GB,White / Black,1
Team T-Create Expert 32 GB (2 x 16 GB) DDR4-3600 CL18,27000,DDR4-3600,2 x 16 GB,Black,1
OLOy Blade RGB 16 GB (2 x 8 GB) DDR4-3600 CL14,19500,DDR4-3600,2 x 8 GB,Silver,1
Corsair Vengeance RGB 32 GB (2 x 16 GB) DDR4-3200 CL16,51000,DDR4-3200,2 x 16 GB,Black,1
Kingston HyperX Fury 32 GB (2 x 16 GB) DDR4-3600 CL18,30000,DDR4-3600,2 x 16 GB,Black,1
GeIL SUPER LUCE RGB SYNC 16 GB (2 x 8 GB) DDR4-3000 CL16,18500,DDR4-3000,2 x 8 GB,Black,1
Patriot Viper Steel 32 GB (2 x 16 GB) DDR4-3200 CL16,29000,DDR4-3200,2 x 16 GB,Silver / Black,1
G.Skill Trident Z RGB 128 GB (4 x 32 GB) DDR4-4000 CL18,150000,DDR4-4000,4 x 32 GB,Black,1
Patriot Signature Line 16 GB (1 x 16 GB) DDR4-2400 CL17,13500,DDR4-2400,1 x 16 GB,Green / Black,1
Corsair Dominator Platinum RGB 32 GB (4 x 8 GB) DDR4-3600 CL18,61000,DDR4-3600,4 x 8 GB,White,1
Corsair Vengeance RGB Pro SL 32 GB (2 x 16 GB) DDR4-3200 CL16,27500,DDR4-3200,2 x 16 GB,Black,1
Corsair Dominator Platinum RGB 16 GB (2 x 8 GB) DDR4-3200 CL16,21000,DDR4-3200,2 x 8 GB,White,1
Kingston HyperX Fury RGB 16 GB (2 x 8 GB) DDR4-3200 CL16,17500,DDR4-3200,2 x 8 GB,Black,1
Kingston FURY 32 GB (2 x 16 GB) DDR4-2133 CL14,26800,DDR4-2133,2 x 16 GB,Black,1
Team T-FORCE VULCAN Z 16 GB (2 x 8 GB) DDR4-3000 CL16,18000,DDR4-3000,2 x 8 GB,Silver / Black,1
Team T-Force XTREEM ARGB 32 GB (2 x 16 GB) DDR4-3600 CL14,32000,DDR4-3600,2 x 16 GB,White,1
G.Skill Trident Z Neo 32 GB (4 x 8 GB) DDR4-3600 CL16,53500,DDR4-3600,4 x 8 GB,Silver / Black,1
G.Skill Trident Z 32 GB (4 x 8 GB) DDR4-3600 CL16,50000,DDR4-3600,4 x 8 GB,Black / White,1
Corsair Vengeance LPX 8 GB (2 x 4 GB) DDR4-2666 CL16,12000,DDR4-2666,2 x 4 GB,Black / Yellow,1
Crucial Ballistix Sport LT 16 GB (2 x 8 GB) DDR4-2666 CL16,29000,DDR4-2666,2 x 8 GB,White,1
ADATA XPG SPECTRIX D50 16 GB (2 x 8 GB) DDR4-3200 CL16,16700,DDR4-3200,2 x 8 GB,Silver,1
G.Skill Trident Z Royal 32 GB (2 x 16 GB) DDR4-4000 CL16,51500,DDR4-4000,2 x 16 GB,White,1
G.Skill Trident Z Royal 64 GB (2 x 32 GB) DDR4-4000 CL18,140000,DDR4-4000,2 x 32 GB,Silver,1
Team T-FORCE DARK Za 32 GB (2 x 16 GB) DDR4-3600 CL18,27500,DDR4-3600,2 x 16 GB,Black / Silver,1
G.Skill Trident Z 64 GB (4 x 16 GB) DDR4-3200 CL14,85000,DDR4-3200,4 x 16 GB,Black,1
Team T-Force Delta RGB 32 GB (2 x 16 GB) DDR4-3200 CL16,27500,DDR4-3200,2 x 16 GB,Black,1
Corsair Vengeance LP 16 GB (2 x 8 GB) DDR3-1600 CL10,16000,DDR3-1600,2 x 8 GB,Black,1
Kingston HyperX Fury Black 16 GB (2 x 8 GB) DDR4-2133 CL14,14000,DDR4-2133,2 x 8 GB,Black,1
Thermaltake TOUGHRAM RGB 16 GB (2 x 8 GB) DDR4-3600 CL18,24000,DDR4-3600,2 x 8 GB,White / Silver,1
ADATA XPG SPECTRIX D80 16 GB (2 x 8 GB) DDR4-3000 CL16,20500,DDR4-3000,2 x 8 GB,Black,1
Thermaltake TOUGHRAM RGB 16 GB (2 x 8 GB) DDR4-4400 CL19,29500,DDR4-4400,2 x 8 GB,Black,1
Kingston HyperX Fury Black 16 GB (4 x 4 GB) DDR4-2400 CL15,16000,DDR4-2400,4 x 4 GB,Black,1
Patriot Viper Steel 64 GB (2 x 32 GB) DDR4-3600 CL18,48000,DDR4-3600,2 x 32 GB,Silver / Black,1
Gigabyte AORUS RGB 16 GB (2 x 8 GB) DDR4-3600 CL18,21000,DDR4-3600,2 x 8 GB,Black,1
G.Skill Trident Z Neo 64 GB (2 x 32 GB) DDR4-3600 CL16,70000,DDR4-3600,2 x 32 GB,Black / Silver,1
G.Skill Trident Z RGB 32 GB (2 x 16 GB) DDR4-3000 CL16,40000,DDR4-3000,2 x 16 GB,Black,1
Corsair Vengeance RGB Pro 64 GB (8 x 8 GB) DDR4-3600 CL18,56000,DDR4-3600,8 x 8 GB,White,1
Crucial Ballistix Elite 16 GB (2 x 8 GB) DDR4-3200 CL15,14500,DDR4-3200,2 x 8 GB,Black,1
G.Skill Ripjaws V Series 8 GB (2 x 4 GB) DDR4-3200 CL16,11000,DDR4-3200,2 x 4 GB,Black,1
G.Skill Ripjaws V Series 8 GB (2 x 4 GB) DDR4-2400 CL15,9700,DDR4-2400,2 x 4 GB,Black / Red,1
G.Skill Ripjaws V Series 16 GB (1 x 16 GB) DDR4-3200 CL16,15600,DDR4-3200,1 x 16 GB,Black,1
Team T-Create Classic 16 GB (2 x 8 GB) DDR4-3200 CL22,13000,DDR4-3200,2 x 8 GB,Silver,1
ADATA XPG GAMMIX D30 16 GB (2 x 8 GB) DDR4-3200 CL16,18500,DDR4-3200,2 x 8 GB,Black,1
G.Skill Trident Z 32 GB (2 x 16 GB) DDR4-3200 CL14,39000,DDR4-3200,2 x 16 GB,Silver / White,1
Team T-FORCE DELTA TUF Gaming 16 GB (2 x 8 GB) DDR4-3200 CL16,13500,DDR4-3200,2 x 8 GB,Black / Gold,1
Corsair Vengeance LPX 32 GB (2 x 16 GB) DDR4-2666 CL16,33000,DDR4-2666,2 x 16 GB,Black / Yellow,1
G.Skill Trident Z RGB 16 GB (2 x 8 GB) DDR4-3600 CL17,28000,DDR4-3600,2 x 8 GB,Black,1
G.Skill Trident Z Neo 32 GB (2 x 16 GB) DDR4-3800 CL14,37000,DDR4-3800,2 x 16 GB,Black,1
G.Skill Ripjaws V 16 GB (2 x 8 GB) DDR4-4400 CL16,28500,DDR4-4400,2 x 8 GB,Black,1
G.Skill Trident Z Neo 16 GB (2 x 8 GB) DDR4-3200 CL16,20500,DDR4-3200,2 x 8 GB,Silver / Black,1
Corsair Vengeance LPX 8 GB (1 x 8 GB) DDR4-2666 CL16,11500,DDR4-2666,1 x 8 GB,Black / Yellow,1
G.Skill Trident Z Neo 64 GB (2 x 32 GB) DDR4-3200 CL16,68000,DDR4-3200,2 x 32 GB,Black / Silver,1
Team Night Hawk RGB 16 GB (2 x 8 GB) DDR4-3200 CL16,14500,DDR4-3200,2 x 8 GB,Black,1
Corsair Vengeance RGB RT 32 GB (2 x 16 GB) DDR4-3200 CL16,28000,DDR4-3200,2 x 16 GB,White / Black,1
G.Skill Trident Z RGB 32 GB (2 x 16 GB) DDR4-4000 CL16,48000,DDR4-4000,2 x 16 GB,Black,1
G.Skill Trident Z Royal 32 GB (4 x 8 GB) DDR4-3600 CL14,62500,DDR4-3600,4 x 8 GB,Silver,1
G.Skill Trident Z RGB 128 GB (4 x 32 GB) DDR4-3600 CL16,142000,DDR4-3600,4 x 32 GB,Black,1
ADATA XPG SPECTRIX D50 16 GB (2 x 8 GB) DDR4-3600 CL18,26000,DDR4-3600,2 x 8 GB,Black,1
Kingston HyperX Predator RGB 32 GB (4 x 8 GB) DDR4-3600 CL17,35500,DDR4-3600,4 x 8 GB,Black,1
Corsair Vengeance Pro 16 GB (2 x 8 GB) DDR3-1866 CL9,18500,DDR3-1866,2 x 8 GB,Black,1
Kingston HyperX Fury RGB 16 GB (2 x 8 GB) DDR4-2666 CL16,16500,DDR4-2666,2 x 8 GB,Black,1
G.Skill Trident Z Neo 32 GB (2 x 16 GB) DDR4-4000 CL14,42000,DDR4-4000,2 x 16 GB,Black,1
Corsair Dominator Platinum RGB 64 GB (4 x 16 GB) DDR4-3200 CL16,75000,DDR4-3200,4 x 16 GB,Black,1
Patriot Viper RGB 16 GB (2 x 8 GB) DDR4-3200 CL16,15000,DDR4-3200,2 x 8 GB,Black / Silver,1
G.Skill Ripjaws V Series 32 GB (2 x 16 GB) DDR4-3200 CL14,27000,DDR4-3200,2 x 16 GB,Black,1
G.Skill Trident Z RGB 32 GB (4 x 8 GB) DDR4-3600 CL18,59000,DDR4-3600,4 x 8 GB,Black,1
G.Skill Trident Z RGB 128 GB (4 x 32 GB) DDR4-3600 CL18,144000,DDR4-3600,4 x 32 GB,Black,1
Corsair Vengeance LPX 32 GB (2 x 16 GB) DDR4-3600 CL16,28500,DDR4-3600,2 x 16 GB,Black / Yellow,1
G.Skill Trident Z RGB 64 GB (2 x 32 GB) DDR4-3600 CL18,67000,DDR4-3600,2 x 32 GB,Black,1
G.Skill Trident Z Royal 32 GB (2 x 16 GB) DDR4-4266 CL17,53000,DDR4-4266,2 x 16 GB,Silver,1
ADATA XPG SPECTRIX D60G 16 GB (2 x 8 GB) DDR4-3600 CL18,28000,DDR4-3600,2 x 8 GB,Black,1
ADATA XPG SPECTRIX D41 16 GB (2 x 8 GB) DDR4-3000 CL16,12000,DDR4-3000,2 x 8 GB,Black,1
G.Skill Trident Z RGB 32 GB (2 x 16 GB) DDR4-3600 CL14,48000,DDR4-3600,2 x 16 GB,Black,1
G.Skill Trident Z Neo 32 GB (2 x 16 GB) DDR4-4000 CL18,44000,DDR4-4000,2 x 16 GB,Black / Silver,1
G.Skill Trident Z 16 GB (2 x 8 GB) DDR4-3200 CL14,18500,DDR4-3200,2 x 8 GB,Silver / White,1
G.Skill Ripjaws V 32 GB (2 x 16 GB) DDR4-3600 CL18,36500,DDR4-3600,2 x 16 GB,Black,1
Kingston HyperX Predator 16 GB (2 x 8 GB) DDR4-4000 CL19,21000,DDR4-4000,2 x 8 GB,Black,1
Corsair Vengeance LPX 16 GB (2 x 8 GB) DDR4-2666 CL16,13500,DDR4-2666,2 x 8 GB,Black / Yellow,1
G.Skill Flare X Series 16 GB (2 x 8 GB) DDR4-3200 CL14,28000,DDR4-3200,2 x 8 GB,Black,1
Kingston HyperX Fury 8 GB (1 x 8 GB) DDR4-2666 CL16,9300,DDR4-2666,1 x 8 GB,Black,1
Team T-Force XTREEM ARGB 16 GB (2 x 8 GB) DDR4-3200 CL16,18000,DDR4-3200,2 x 8 GB,White,1
G.Skill Trident Z RGB 32 GB (4 x 8 GB) DDR4-3600 CL17,60000,DDR4-3600,4 x 8 GB,Black,1
G.Skill Trident Z Neo 32 GB (2 x 16 GB) DDR4-3800 CL18,39000,DDR4-3800,2 x 16 GB,Black,1
G.Skill Ripjaws V 32 GB (4 x 8 GB) DDR4-3600 CL18,37000,DDR4-3600,4 x 8 GB,Black,1
Crucial Ballistix 16 GB (2 x 8 GB) DDR4-2666 CL16,18500,DDR4-2666,2 x 8 GB,Red,1
Corsair Vengeance RGB RT 16 GB (2 x 8 GB) DDR4-3600 CL18,16000,DDR4-3600,2 x 8 GB,White / Black,1
Patriot Viper Steel 16 GB (2 x 8 GB) DDR4-4000 CL19,19000,DDR4-4000,2 x 8 GB,Silver / Black,1
Patriot Viper RGB 16 GB (2 x 8 GB) DDR4-4133 CL19,17500,DDR4-4133,2 x 8 GB,Black,1
G.Skill Trident Z RGB 32 GB (2 x 16 GB) DDR4-3600 CL18,43500,DDR4-3600,2 x 16 GB,Black,1
Corsair Vengeance RGB Pro 64 GB (4 x 16 GB) DDR4-3200 CL16,54000,DDR4-3200,4 x 16 GB,Black,1
G.Skill Trident Z 32 GB (2 x 16 GB) DDR4-3600 CL17,42000,DDR4-3600,2 x 16 GB,Black / White,1
G.Skill Trident Z RGB 32 GB (2 x 16 GB) DDR4-3200 CL14,43000,DDR4-3200,2 x 16 GB,Black,1
G.Skill Trident Z Neo 32 GB (4 x 8 GB) DDR4-3800 CL16,58000,DDR4-3800,4 x 8 GB,Black,1
Team T-Force Delta RGB 8 GB (2 x 4 GB) DDR4-3000 CL16,8500,DDR4-3000,2 x 4 GB,Black,1
Klevv CRAS X RGB 32 GB (2 x 16 GB) DDR4-3600 CL18,38000,DDR4-3600,2 x 16 GB,Black,1
G.Skill Trident Z Neo 64 GB (4 x 16 GB) DDR4-3200 CL14,67000,DDR4-3200,4 x 16 GB,Black,1
G.Skill Trident Z RGB 32 GB (2 x 16 GB) DDR4-4000 CL19,46000,DDR4-4000,2 x 16 GB,Black,1
Team T-FORCE VULCAN Z 32 GB (2 x 16 GB) DDR4-3000 CL16,27500,DDR4-3000,2 x 16 GB,Black,1
G.Skill Flare X 32 GB (4 x 8 GB) DDR4-3200 CL14,41500,DDR4-3200,4 x 8 GB,Black,1
Patriot Viper Steel 16 GB (2 x 8 GB) DDR4-4400 CL19,20000,DDR4-4400,2 x 8 GB,Silver / Black,1
Team T-Force Night Hawk RGB 16 GB (2 x 8 GB) DDR4-3600 CL18,15000,DDR4-3600,2 x 8 GB,Black,1
Crucial Ballistix Sport LT 16 GB (2 x 8 GB) DDR4-3000 CL15,30000,DDR4-3000,2 x 8 GB,Black,1
Team Dark Pro 16 GB (2 x 8 GB) DDR4-3200 CL14,12500,DDR4-3200,2 x 8 GB,Black,1
Team T-FORCE VULCAN Z 8 GB (1 x 8 GB) DDR4-3600 CL18,8500,DDR4-3600,1 x 8 GB,Black,1
Corsair Vengeance RGB Pro 64 GB (4 x 16 GB) DDR4-2666 CL16,51000,DDR4-2666,4 x 16 GB,Black,1
Corsair Dominator Platinum 32 GB (4 x 8 GB) DDR4-2666 CL15,30000,DDR4-2666,4 x 8 GB,Black,1
G.Skill Ripjaws V 64 GB (4 x 16 GB) DDR4-3600 CL16,70000,DDR4-3600,4 x 16 GB,Black,1
Corsair Vengeance RGB Pro 32 GB (2 x 16 GB) DDR4-3000 CL15,41000,DDR4-3000,2 x 16 GB,Black,1
Thermaltake TOUGHRAM RGB 16 GB (2 x 8 GB) DDR4-3200 CL16,22000,DDR4-3200,2 x 8 GB,Black / Silver,1
G.Skill Trident Z Royal 64 GB (2 x 32 GB) DDR4-3600 CL18,135000,DDR4-3600,2 x 32 GB,Silver,1
Corsair Vengeance LPX 8 GB (2 x 4 GB) DDR4-3000 CL16,14000,DDR4-3000,2 x 4 GB,Black / Yellow,1
Corsair Vengeance LPX 32 GB (4 x 8 GB) DDR4-3600 CL16,42000,DDR4-3600,4 x 8 GB,Black / Yellow,1
Mushkin Enhanced Silverline 32 GB (2 x 16 GB) DDR4-2400 CL17,34000,DDR4-2400,2 x 16 GB,Silver / Green,1
G.Skill Trident Z Royal 128 GB (4 x 32 GB) DDR4-3600 CL16,212000,DDR4-3600,4 x 32 GB,Gold,1
Corsair Dominator Platinum RGB 32 GB (2 x 16 GB) DDR4-3200 CL14,32000,DDR4-3200,2 x 16 GB,Black,1
Corsair Vengeance LPX 16 GB (1 x 16 GB) DDR4-3000 CL15,16500,DDR4-3000,1 x 16 GB,Black,1
Corsair Vengeance LPX 16 GB (2 x 8 GB) DDR4-2133 CL13,14000,DDR4-2133,2 x 8 GB,Black / Yellow,1
Corsair Vengeance RGB Pro 16 GB (2 x 8 GB) DDR4-3000 CL15,14000,DDR4-3000,2 x 8 GB,White,1
G.Skill Flare X 16 GB (2 x 8 GB) DDR4-3200 CL16,20700,DDR4-3200,2 x 8 GB,Black,1
G.Skill Trident Z Neo 32 GB (4 x 8 GB) DDR4-3600 CL18,55000,DDR4-3600,4 x 8 GB,Silver / Black,1
OLOy Blade RGB 16 GB (2 x 8 GB) DDR4-3200 CL16,17000,DDR4-3200,2 x 8 GB,Black,1
ADATA XPG SPECTRIX D60G 32 GB (2 x 16 GB) DDR4-3600 CL18,35000,DDR4-3600,2 x 16 GB,Black,1
Kingston HyperX Predator RGB 16 GB (2 x 8 GB) DDR4-3200 CL16,17500,DDR4-3200,2 x 8 GB,Black,1
PNY Anarchy 16 GB (2 x 8 GB) DDR4-2133 CL15,14000,DDR4-2133,2 x 8 GB,Black,1
Corsair Vengeance RGB Pro 32 GB (4 x 8 GB) DDR4-2933 CL16,34000,DDR4-2933,4 x 8 GB,Black,1
Team T-Force Night Hawk RGB 16 GB (2 x 8 GB) DDR4-4000 CL18,16500,DDR4-4000,2 x 8 GB,Black,1
Crucial Ballistix Sport 8 GB (2 x 4 GB) DDR3-1600 CL9,10500,DDR3-1600,2 x 4 GB,Black,1
GeIL EVO SPEAR Phantom Gaming 16 GB (2 x 8 GB) DDR4-3000 CL16,19500,DDR4-3000,2 x 8 GB,Black,1
Crucial Ballistix Tactical Tracer RGB 16 GB (2 x 8 GB) DDR4-3200 CL16,19500,DDR4-3200,2 x 8 GB,Black,1
Corsair Vengeance RGB 32 GB (4 x 8 GB) DDR4-3466 CL16,56500,DDR4-3466,4 x 8 GB,Black,1
Kingston HyperX Fury 16 GB (1 x 16 GB) DDR4-2666 CL16,15800,DDR4-2666,1 x 16 GB,Black,1
G.Skill Trident Z Neo 16 GB (2 x 8 GB) DDR4-3800 CL14,24000,DDR4-3800,2 x 8 GB,Black,1
Silicon Power XPOWER Turbine RGB 16 GB (2 x 8 GB) DDR4-3200 CL16,26000,DDR4-3200,2 x 8 GB,Silver / Black,1
Corsair Vengeance RGB Pro 16 GB (2 x 8 GB) DDR4-4000 CL19,21500,DDR4-4000,2 x 8 GB,Black,1
Corsair Vengeance RGB Pro 32 GB (2 x 16 GB) DDR4-2933 CL16,40500,DDR4-2933,2 x 16 GB,Black,1
Team Vulcan Z 16 GB (2 x 8 GB) DDR4-3600 CL18,17500,DDR4-3600,2 x 8 GB,Black,1
Corsair Vengeance LPX 64 GB (2 x 32 GB) DDR4-3600 CL18,55000,DDR4-3600,2 x 32 GB,Black,1
Corsair Dominator Platinum RGB 64 GB (8 x 8 GB) DDR4-3600 CL16,145000,DDR4-3600,8 x 8 GB,Black,1
Corsair Vengeance 16 GB (4 x 4 GB) DDR3-1600 CL9,21000,DDR3-1600,4 x 4 GB,Black / Blue,1
Team T-Force XTREEM 64 GB (4 x 16 GB) DDR4-3600 CL16,63000,DDR4-3600,4 x 16 GB,Black,1
G.Skill Aegis 8 GB (1 x 8 GB) DDR4-3000 CL16,8500,DDR4-3000,1 x 8 GB,Black / Red,1
G.Skill Trident Z RGB 16 GB (2 x 8 GB) DDR4-4133 CL19,36000,DDR4-4133,2 x 8 GB,Black,1
Patriot Viper Steel 16 GB (2 x 8 GB) DDR4-3866 CL18,18000,DDR4-3866,2 x 8 GB,Black,1
Corsair Vengeance LPX 16 GB (2 x 8 GB) DDR4-3600 CL14,17500,DDR4-3600,2 x 8 GB,Black / Yellow,1
G.Skill Trident Z 32 GB (4 x 8 GB) DDR4-3200 CL15,47000,DDR4-3200,4 x 8 GB,Silver / White,1
OLOy Blade RGB 32 GB (2 x 16 GB) DDR4-3200 CL16,35500,DDR4-3200,2 x 16 GB,White,1
G.Skill Trident Z RGB 16 GB (2 x 8 GB) DDR4-3600 CL16,27000,DDR4-3600,2 x 8 GB,Black,1
G.Skill Trident Z RGB 16 GB (2 x 8 GB) DDR4-4000 CL16,32000,DDR4-4000,2 x 8 GB,Black,1
Crucial Ballistix Tactical Tracer RGB 16 GB (2 x 8 GB) DDR4-3200 CL16,19000,DDR4-3200,2 x 8 GB,Black,1
Corsair Vengeance RGB Pro SL 16 GB (2 x 8 GB) DDR4-3200 CL16,15000,DDR4-3200,2 x 8 GB,Black,1
G.Skill Trident Z Royal 16 GB (2 x 8 GB) DDR4-3200 CL14,25000,DDR4-3200,2 x 8 GB,Silver,1
Team Vulcan 8 GB (2 x 4 GB) DDR3-1600 CL9,10000,DDR3-1600,2 x 4 GB,Black,1
G.Skill Ripjaws 4 series 64 GB (8 x 8 GB) DDR4-2400 CL15,97000,DDR4-2400,8 x 8 GB,Black,1
Kingston FURY 32 GB (2 x 16 GB) DDR4-2400 CL15,28000,DDR4-2400,2 x 16 GB,Black,1
ADATA XPG GAMMIX D10 16 GB (2 x 8 GB) DDR4-3000 CL16,14000,DDR4-3000,2 x 8 GB,Black,1
Klevv CRAS X RGB 16 GB (2 x 8 GB) DDR4-3600 CL18,18500,DDR4-3600,2 x 8 GB,Black,1
Corsair Vengeance LED 16 GB (2 x 8 GB) DDR4-3000 CL15,16000,DDR4-3000,2 x 8 GB,Black,1
G.Skill Ripjaws V 32 GB (2 x 16 GB) DDR4-4000 CL16,42000,DDR4-4000,2 x 16 GB,Black,1
ADATA XPG SPECTRIX D60G 32 GB (2 x 16 GB) DDR4-3200 CL16,32000,DDR4-3200,2 x 16 GB,Black,1
Corsair Vengeance RGB 16 GB (2 x 8 GB) DDR4-3000 CL15,17000,DDR4-3000,2 x 8 GB,Black,1
G.Skill FORTIS 16 GB (2 x 8 GB) DDR4-2133 CL15,18000,DDR4-2133,2 x 8 GB,Black,1
Corsair Vengeance LPX 32 GB (4 x 8 GB) DDR4-3200 CL16,40000,DDR4-3200,4 x 8 GB,Black / Yellow,1
Team Elite 8 GB (1 x 8 GB) DDR4-2400 CL15,7300,DDR4-2400,1 x 8 GB,Black,1
Corsair Dominator Platinum RGB 32 GB (2 x 16 GB) DDR4-3466 CL16,35000,DDR4-3466,2 x 16 GB,Black,1
Crucial Ballistix Sport 8 GB (1 x 8 GB) DDR3-1600 CL9,8500,DDR3-1600,1 x 8 GB,Black / Silver,1
G.Skill Trident X 16 GB (2 x 8 GB) DDR3-2400 CL10,15000,DDR3-2400,2 x 8 GB,Black / Red,1
Corsair Dominator Platinum 16 GB (2 x 8 GB) DDR4-3200 CL16,23000,DDR4-3200,2 x 8 GB,Black,1
Corsair Vengeance RGB 16 GB (2 x 8 GB) DDR4-3200 CL16,20000,DDR4-3200,2 x 8 GB,Black,1
Corsair Vengeance RGB Pro 64 GB (2 x 32 GB) DDR4-3200 CL16,56000,DDR4-3200,2 x 32 GB,Black,1
Kingston HyperX Fury 8 GB (1 x 8 GB) DDR4-2400 CL15,8500,DDR4-2400,1 x 8 GB,Black,1
Corsair Dominator Platinum SE 32 GB (2 x 16 GB) DDR4-3200 CL14,45000,DDR4-3200,2 x 16 GB,Black,1
Gigabyte DESIGNARE 64 GB (2 x 32 GB) DDR4-3200 CL16,57000,DDR4-3200,2 x 32 GB,Black,1
Corsair Vengeance LED 32 GB (4 x 8 GB) DDR4-2666 CL16,36000,DDR4-2666,4 x 8 GB,Black,1
Crucial Ballistix Sport LT 16 GB (2 x 8 GB) DDR4-3200 CL16,31500,DDR4-3200,2 x 8 GB,Black,1
Crucial Ballistix Tactical 16 GB (2 x 8 GB) DDR3-1866 CL9,18000,DDR3-1866,2 x 8 GB,Black,1
Crucial Ballistix Elite 8 GB (1 x 8 GB) DDR4-2666 CL16,8000,DDR4-2666,1 x 8 GB,Black,1
Crucial Ballistix 8 GB (2 x 4 GB) DDR3-1866 CL9,9500,DDR3-1866,2 x 4 GB,Black,1
Kingston HyperX Fury RGB 32 GB (2 x 16 GB) DDR4-3600 CL17,28000,DDR4-3600,2 x 16 GB,Black,1
Corsair Vengeance LPX 8 GB (2 x 4 GB) DDR4-3200 CL16,14000,DDR4-3200,2 x 4 GB,Black,1
Corsair Vengeance LPX 32 GB (2 x 16 GB) DDR4-3600 CL19,31000,DDR4-3600,2 x 16 GB,Black,1
Crucial Ballistix Elite 16 GB (2 x 8 GB) DDR4-4000 CL18,23000,DDR4-4000,2 x 8 GB,Black,1
Team T-FORCE DARK PRO 8PACK RIPPED 16 GB (2 x 8 GB) DDR4-3600 CL14,17000,DDR4-3600,2 x 8 GB,Black,1
Kingston HyperX Fury 8 GB (2 x 4 GB) DDR4-3200 CL18,11000,DDR4-3200,2 x 4 GB,Black,1
GeIL Pristine 16 GB (1 x 16 GB) DDR4-2400 CL16,24000,DDR4-2400,1 x 16 GB,Black,1
Samsung Green 8 GB (1 x 8 GB) DDR4-2133 CL15,7800,DDR4-2133,1 x 8 GB,Green / Black,1
Corsair Dominator Platinum RGB 32 GB (4 x 8 GB) DDR4-4000 CL19,78000,DDR4-4000,4 x 8 GB,White,1
G.Skill Aegis 16 GB (1 x 16 GB) DDR4-2666 CL19,15000,DDR4-2666,1 x 16 GB,Black / Red,1
G.Skill Trident Z Neo 256 GB (8 x 32 GB) DDR4-3600 CL18,238500,DDR4-3600,8 x 32 GB,Silver / Black,1
Corsair Vengeance RGB 32 GB (2 x 16 GB) DDR4-3000 CL16,48000,DDR4-3000,2 x 16 GB,Black,1
Corsair Vengeance LPX 64 GB (4 x 16 GB) DDR4-3000 CL16,77000,DDR4-3000,4 x 16 GB,Black,1
OLOy WarHawk RGB 32 GB (2 x 16 GB) DDR4-3200 CL16,33500,DDR4-3200,2 x 16 GB,Black,1
G.Skill Trident Z Royal 16 GB (2 x 8 GB) DDR4-3600 CL18,26000,DDR4-3600,2 x 8 GB,Silver,1
G.Skill Ripjaws V 32 GB (2 x 16 GB) DDR4-3600 CL14,35000,DDR4-3600,2 x 16 GB,Black,1
G.Skill Trident Z Royal 128 GB (4 x 32 GB) DDR4-4000 CL18,220000,DDR4-4000,4 x 32 GB,Black,1
Corsair Vengeance LPX 32 GB (4 x 8 GB) DDR4-2400 CL15,33000,DDR4-2400,4 x 8 GB,Black / Yellow,1
Team T-Force Delta RGB 32 GB (2 x 16 GB) DDR4-3000 CL16,26500,DDR4-3000,2 x 16 GB,Black,1
Team XTREEM ARGB 32 GB (2 x 16 GB) DDR4-3200 CL14,37000,DDR4-3200,2 x 16 GB,White,1
Corsair Vengeance LPX 32 GB (2 x 16 GB) DDR4-3000 CL16,27000,DDR4-3000,2 x 16 GB,Black,1
Corsair Vengeance 8 GB (2 x 4 GB) DDR3-1600 CL9,9500,DDR3-1600,2 x 4 GB,Black / Silver,1
G.Skill Sniper X 32 GB (2 x 16 GB) DDR4-3200 CL16,24500,DDR4-3200,2 x 16 GB,Black / Camo,1
G.Skill Trident Z 16 GB (2 x 8 GB) DDR4-4133 CL19,23500,DDR4-4133,2 x 8 GB,Black / White,1
Crucial Ballistix Sport AT 8 GB (1 x 8 GB) DDR4-2666 CL16,13000,DDR4-2666,1 x 8 GB,Black,1
G.Skill TridentZ RGB 32 GB (4 x 8 GB) DDR4-4000 CL17,35000,DDR4-4000,4 x 8 GB,Black,1
ADATA XPG V1.0 16 GB (2 x 8 GB) DDR3-1866 CL10,19500,DDR3-1866,2 x 8 GB,Black,1
Patriot Viper 4 Blackout 16 GB (2 x 8 GB) DDR4-3200 CL16,14500,DDR4-3200,2 x 8 GB,Black,1
G.Skill Trident Z Royal 32 GB (4 x 8 GB) DDR4-4000 CL17,64500,DDR4-4000,4 x 8 GB,Silver,1
ADATA XPG Z1 16 GB (2 x 8 GB) DDR4-3200 CL16,26500,DDR4-3200,2 x 8 GB,Black,1
Team T-Force Delta RGB 16 GB (2 x 8 GB) DDR4-3000 CL16,16500,DDR4-3000,2 x 8 GB,White,1
Patriot Viper Steel 8 GB (1 x 8 GB) DDR4-3000 CL16,8000,DDR4-3000,1 x 8 GB,Silver / Black,1
Kingston HyperX Fury RGB 32 GB (2 x 16 GB) DDR4-2666 CL16,26000,DDR4-2666,2 x 16 GB,Black,1
Patriot Viper 3 8 GB (2 x 4 GB) DDR3-1600 CL9,7300,DDR3-1600,2 x 4 GB,Black / Silver,1
G.Skill Ripjaws V Series 16 GB (2 x 8 GB) DDR4-3600 CL16,20500,DDR4-3600,2 x 8 GB,Black,1
G.Skill Ripjaws X Series 16 GB (2 x 8 GB) DDR3-1600 CL9,19500,DDR3-1600,2 x 8 GB,Black / Blue,1
Patriot Viper Elite 8 GB (2 x 4 GB) DDR4-2666 CL16,9000,DDR4-2666,2 x 4 GB,Silver,1
Corsair Vengeance RGB Pro 16 GB (2 x 8 GB) DDR4-4266 CL19,22000,DDR4-4266,2 x 8 GB,Black,1
Patriot Viper 4 16 GB (2 x 8 GB) DDR4-3200 CL16,13500,DDR4-3200,2 x 8 GB,Red / Black,1
Kingston HyperX Predator 32 GB (2 x 16 GB) DDR4-3200 CL16,34500,DDR4-3200,2 x 16 GB,Black,1
Kingston FURY 16 GB (2 x 8 GB) DDR4-2666 CL16,18000,DDR4-2666,2 x 8 GB,Black,1
G.Skill Aegis 8 GB (2 x 4 GB) DDR4-2400 CL17,10000,DDR4-2400,2 x 4 GB,Black / Red,1
G.Skill Aegis 32 GB (2 x 16 GB) DDR4-2666 CL19,25000,DDR4-2666,2 x 16 GB,Black / Red,1
Team T-Force XTREEM ARGB 16 GB (2 x 8 GB) DDR4-4000 CL18,21000,DDR4-4000,2 x 8 GB,White,1
Team T-Force XTREEM ARGB 16 GB (2 x 8 GB) DDR4-3600 CL14,19500,DDR4-3600,2 x 8 GB,Black,1
G.Skill Trident Z Neo 16 GB (2 x 8 GB) DDR4-3600 CL14,20500,DDR4-3600,2 x 8 GB,Black / Silver,1
G.Skill Ripjaws X Series 8 GB (2 x 4 GB) DDR3-2133 CL9,9300,DDR3-2133,2 x 4 GB,Black / Blue,1
G.Skill Trident Z Neo 64 GB (4 x 16 GB) DDR4-3600 CL14,71000,DDR4-3600,4 x 16 GB,Black / Silver,1
OLOy WarHawk RGB 32 GB (2 x 16 GB) DDR4-3600 CL16,35000,DDR4-3600,2 x 16 GB,Black,1
Corsair Dominator Platinum RGB 16 GB (2 x 8 GB) DDR4-3466 CL16,23000,DDR4-3466,2 x 8 GB,Black,1
Crucial Ballistix 64 GB (2 x 32 GB) DDR4-3600 CL16,54000,DDR4-3600,2 x 32 GB,Black,1
Team T-FORCE VULCAN TUF Gaming Allian 16 GB (2 x 8 GB) DDR4-3200 CL16,18000,DDR4-3200,2 x 8 GB,Gold / Black,1
Thermaltake TOUGHRAM RGB 32 GB (2 x 16 GB) DDR4-3600 CL18,41000,DDR4-3600,2 x 16 GB,Black,1
G.Skill Trident Z RGB 16 GB (2 x 8 GB) DDR4-2666 CL18,20500,DDR4-2666,2 x 8 GB,Black,1
G.Skill Ripjaws X Series 16 GB (2 x 8 GB) DDR3-2133 CL11,21000,DDR3-2133,2 x 8 GB,Black,1
G.Skill Trident Z Royal 16 GB (2 x 8 GB) DDR4-4800 CL18,32500,DDR4-4800,2 x 8 GB,Silver,1
G.Skill Trident Z RGB 64 GB (4 x 16 GB) DDR4-3200 CL14,70000,DDR4-3200,4 x 16 GB,Black,1
Corsair Vengeance RGB Pro 16 GB (2 x 8 GB) DDR4-4000 CL18,20000,DDR4-4000,2 x 8 GB,Black,1
ADATA XPG GAMMIX D20 16 GB (2 x 8 GB) DDR4-3200 CL16,18500,DDR4-3200,2 x 8 GB,Black,1
G.Skill Aegis 32 GB (4 x 8 GB) DDR4-3200 CL16,28000,DDR4-3200,4 x 8 GB,Red / Black,1
Kingston D1G64KL110 8 GB (1 x 8 GB) DDR3-1600 CL11,9100,DDR3-1600,1 x 8 GB,Black,1
Crucial Ballistix Sport LT 16 GB (1 x 16 GB) DDR4-2400 CL16,28000,DDR4-2400,1 x 16 GB,Black,1
GeIL Evo X II RGB SYNC 16 GB (2 x 8 GB) DDR4-3200 CL16,19500,DDR4-3200,2 x 8 GB,Black,1
Corsair XMS3 8 GB (2 x 4 GB) DDR3-1600 CL9,13000,DDR3-1600,2 x 4 GB,Black / Silver,1
G.Skill Ripjaws V 16 GB (2 x 8 GB) DDR4-2666 CL19,19200,DDR4-2666,2 x 8 GB,Red / Black,1
Patriot Viper Steel 16 GB (2 x 8 GB) DDR4-3200 CL16,16000,DDR4-3200,2 x 8 GB,Silver / Black,1
Crucial Ballistix Sport 16 GB (2 x 8 GB) DDR4-2400 CL16,25000,DDR4-2400,2 x 8 GB,Black,1
Corsair Vengeance LED 64 GB (4 x 16 GB) DDR4-3000 CL15,65000,DDR4-3000,4 x 16 GB,Black,1
Corsair Vengeance Pro 16 GB (4 x 4 GB) DDR3-2133 CL9,22000,DDR3-2133,4 x 4 GB,Black,1
Crucial Ballistix Elite 16 GB (2 x 8 GB) DDR4-3600 CL16,17000,DDR4-3600,2 x 8 GB,Black,1
Corsair Vengeance LPX 32 GB (2 x 16 GB) DDR4-2400 CL14,32000,DDR4-2400,2 x 16 GB,Black / Yellow,1
Corsair Vengeance LPX 16 GB (1 x 16 GB) DDR4-3200 CL16,18000,DDR4-3200,1 x 16 GB,Black / Yellow,1
G.Skill Ripjaws V 64 GB (2 x 32 GB) DDR4-4000 CL18,65000,DDR4-4000,2 x 32 GB,Black,1
Crucial Ballistix Sport LT 16 GB (2 x 8 GB) DDR4-2400 CL16,28000,DDR4-2400,2 x 8 GB,Black,1
Corsair Vengeance RGB Pro 128 GB (4 x 32 GB) DDR4-3600 CL18,110000,DDR4-3600,4 x 32 GB,Black,1
G.Skill TridentZ RGB Series 16 GB (2 x 8 GB) DDR4-4000 CL17,35000,DDR4-4000,2 x 8 GB,Black,1
Patriot Signature Premium 8 GB (1 x 8 GB) DDR4-2666 CL19,8000,DDR4-2666,1 x 8 GB,Black,1
Patriot Viper Steel 8 GB (2 x 4 GB) DDR4-3200 CL16,9000,DDR4-3200,2 x 4 GB,Silver / Black,1
Crucial Ballistix MAX 32 GB (2 x 16 GB) DDR4-4000 CL18,26000,DDR4-4000,2 x 16 GB,Black,1
Patriot Viper 4 Blackout 16 GB (2 x 8 GB) DDR4-3600 CL17,14500,DDR4-3600,2 x 8 GB,Black,1
Team T-FORCE VULCAN Z 32 GB (2 x 16 GB) DDR4-3600 CL18,30000,DDR4-3600,2 x 16 GB,Black,1
Team T-FORCE VULCAN Z 64 GB (2 x 32 GB) DDR4-3200 CL16,60000,DDR4-3200,2 x 32 GB,Gray,1
Corsair Vengeance LPX 32 GB (4 x 8 GB) DDR4-3000 CL15,36000,DDR4-3000,4 x 8 GB,Black,1
G.Skill Trident Z Royal 32 GB (4 x 8 GB) DDR4-3600 CL18,61000,DDR4-3600,4 x 8 GB,Black,1
Crucial Ballistix Sport 32 GB (4 x 8 GB) DDR3-1600 CL9,48000,DDR3-1600,4 x 8 GB,Black,1
GeIL Orion AMD Edition 32 GB (2 x 16 GB) DDR4-3000 CL16,28500,DDR4-3000,2 x 16 GB,Red,1
G.Skill Trident Z Neo 32 GB (2 x 16 GB) DDR4-3600 CL14,30000,DDR4-3600,2 x 16 GB,Black / Silver,1
G.Skill Trident Z RGB 128 GB (4 x 32 GB) DDR4-3200 CL16,137500,DDR4-3200,4 x 32 GB,Black,1
Kingston HyperX Predator RGB 32 GB (4 x 8 GB) DDR4-3200 CL16,36000,DDR4-3200,4 x 8 GB,Black,1
Team Dark 8 GB (2 x 4 GB) DDR3-1600 CL9,7500,DDR3-1600,2 x 4 GB,Black,1
G.Skill Trident Z RGB 64 GB (4 x 16 GB) DDR4-3200 CL16,69000,DDR4-3200,4 x 16 GB,Black,1
G.Skill Ripjaws V 32 GB (2 x 16 GB) DDR4-4000 CL18,46000,DDR4-4000,2 x 16 GB,Black,1
Kingston FURY 16 GB (1 x 16 GB) DDR4-2133 CL14,23500,DDR4-2133,1 x 16 GB,Black,1
Crucial Ballistix 32 GB (2 x 16 GB) DDR4-2666 CL16,22000,DDR4-2666,2 x 16 GB,White,1
Team Vulcan 16 GB (2 x 8 GB) DDR4-3000 CL16,16000,DDR4-3000,2 x 8 GB,Black / Gray,1
G.Skill Trident Z Royal 64 GB (4 x 16 GB) DDR4-3200 CL16,128000,DDR4-3200,4 x 16 GB,Silver,1
GeIL EVO POTENZA 8 GB (2 x 4 GB) DDR4-3000 CL15,10000,DDR4-3000,2 x 4 GB,Black,1
Kingston HyperX Fury Blue 8 GB (1 x 8 GB) DDR3-1600 CL10,8800,DDR3-1600,1 x 8 GB,Blue / Silver,1
Team T-Force XTREEM ARGB 32 GB (2 x 16 GB) DDR4-3200 CL16,30000,DDR4-3200,2 x 16 GB,White,1
Thermaltake TOUGHPOWER Z-ONE RGB 16 GB (2 x 8 GB) DDR4-3600 CL18,24500,DDR4-3600,2 x 8 GB,Black,1
Corsair Vengeance LPX 4 GB (1 x 4 GB) DDR4-2400 CL16,6500,DDR4-2400,1 x 4 GB,Black / Yellow,1
G.Skill Trident Z Royal 32 GB (2 x 16 GB) DDR4-3200 CL16,46000,DDR4-3200,2 x 16 GB,Silver,1
Kingston D1G64KL110 8 GB (1 x 8 GB) DDR3-1600 CL11,7900,DDR3-1600,1 x 8 GB,Black,1
G.Skill Aegis 8 GB (1 x 8 GB) DDR4-2666 CL19,8300,DDR4-2666,1 x 8 GB,Red / Black,1
Kingston HyperX Fury 32 GB (4 x 8 GB) DDR4-2666 CL16,28000,DDR4-2666,4 x 8 GB,Black,1
Kingston HyperX Fury Black 8 GB (1 x 8 GB) DDR4-2133 CL14,8300,DDR4-2133,1 x 8 GB,Black,1
G.Skill Flare X 32 GB (2 x 16 GB) DDR4-2400 CL15,37000,DDR4-2400,2 x 16 GB,Black,1
Corsair Dominator Platinum 32 GB (2 x 16 GB) DDR4-3000 CL15,36000,DDR4-3000,2 x 16 GB,Black / Silver,1
Kingston Beast 8 GB (2 x 4 GB) DDR3-2400 CL11,9800,DDR3-2400,2 x 4 GB,Black,1
Team T-FORCE VULCAN Z 16 GB (2 x 8 GB) DDR4-2666 CL18,17500,DDR4-2666,2 x 8 GB,Red,1
Corsair Vengeance LPX 16 GB (2 x 8 GB) DDR4-4000 CL19,23000,DDR4-4000,2 x 8 GB,Black / Yellow,1
ADATA XPG V2 16 GB (2 x 8 GB) DDR3-1866 CL10,20000,DDR3-1866,2 x 8 GB,Black,1
G.Skill Trident Z Royal Elite 32 GB (2 x 16 GB) DDR4-4000 CL14,780000,DDR4-4000,2 x 16 GB,Black,1
Corsair Vengeance RGB Pro 64 GB (2 x 32 GB) DDR4-3600 CL18,58000,DDR4-3600,2 x 32 GB,Black,1
G.Skill Ripjaws V Series 16 GB (2 x 8 GB) DDR4-3000 CL15,18500,DDR4-3000,2 x 8 GB,Black,1
Corsair Vengeance LPX 8 GB (2 x 4 GB) DDR4-3000 CL15,13500,DDR4-3000,2 x 4 GB,Black,1
ADATA XPG GAMMIX D10 16 GB (2 x 8 GB) DDR4-2666 CL16,12000,DDR4-2666,2 x 8 GB,Black,1
Klevv BOLT X 16 GB (2 x 8 GB) DDR4-3600 CL18,19000,DDR4-3600,2 x 8 GB,Black,1
Kingston HyperX Predator RGB 8 GB (1 x 8 GB) DDR4-3600 CL17,9000,DDR4-3600,1 x 8 GB,Black,1
Corsair Vengeance RGB Pro 64 GB (2 x 32 GB) DDR4-2666 CL16,53000,DDR4-2666,2 x 32 GB,Black,1
Antec Katana RGB 16 GB (2 x 8 GB) DDR4-3600 CL18,27000,DDR4-3600,2 x 8 GB,Black,1
Team T-FORCE VULCAN Z 16 GB (2 x 8 GB) DDR4-3600 CL18,21000,DDR4-3600,2 x 8 GB,Red / Black,1
Kingston HyperX Fury RGB 8 GB (1 x 8 GB) DDR4-3200 CL16,36000,DDR4-3200,1 x 8 GB,Black,1
ADATA XPG GAMMIX D10 16 GB (2 x 8 GB) DDR4-3200 CL16,16000,DDR4-3200,2 x 8 GB,Black,1
Corsair Vengeance RGB Pro SL 32 GB (4 x 8 GB) DDR4-3600 CL18,29000,DDR4-3600,4 x 8 GB,Black,1
Apacer AU 16 GB (1 x 16 GB) DDR4-2400 CL17,21000,DDR4-2400,1 x 16 GB,Black,1
Kingston ValueRAM 2 GB (1 x 2 GB) DDR3-1333 CL9,2500,DDR3-1333,1 x 2 GB,Green,1
Patriot Viper 4 Blackout 32 GB (2 x 16 GB) DDR4-3600 CL18,28000,DDR4-3600,2 x 16 GB,Black,1
G.Skill Aegis 16 GB (2 x 8 GB) DDR4-2800 CL17,16500,DDR4-2800,2 x 8 GB,Black / Red,1
Kingston HyperX FURY 16 GB (2 x 8 GB) DDR3-1866 CL11,14000,DDR3-1866,2 x 8 GB,Black,1
Team T-FORCE DARK Z 32 GB (2 x 16 GB) DDR4-3200 CL16,24000,DDR4-3200,2 x 16 GB,Black,1
Kingston HyperX Fury Black 8 GB (2 x 4 GB) DDR3-1600 CL10,9500,DDR3-1600,2 x 4 GB,Black / Silver,1
Corsair ValueSelect 4 GB (1 x 4 GB) DDR3-1600 CL11,4500,DDR3-1600,1 x 4 GB,Black / Green,1
G.Skill Trident Z Royal 32 GB (2 x 16 GB) DDR4-3600 CL14,48500,DDR4-3600,2 x 16 GB,Silver,1
Corsair Vengeance RGB Pro 16 GB (2 x 8 GB) DDR4-2666 CL16,12500,DDR4-2666,2 x 8 GB,Black,1
Patriot Viper 4 Blackout 16 GB (2 x 8 GB) DDR4-4000 CL19,16000,DDR4-4000,2 x 8 GB,Black,1
Team T-FORCE DARK Z 32 GB (2 x 16 GB) DDR4-3600 CL18,23500,DDR4-3600,2 x 16 GB,Black,1
Corsair Dominator Platinum 32 GB (4 x 8 GB) DDR3-2400 CL11,28000,DDR3-2400,4 x 8 GB,Black,1
G.Skill Ripjaws V 128 GB (4 x 32 GB) DDR4-3200 CL16,169000,DDR4-3200,4 x 32 GB,Black,1
Corsair Vengeance LPX 8 GB (1 x 8 GB) DDR4-2400 CL16,10000,DDR4-2400,1 x 8 GB,Black / Yellow,1
G.Skill Trident Z Royal 64 GB (4 x 16 GB) DDR4-3200 CL14,128000,DDR4-3200,4 x 16 GB,Gold,1
G.Skill Trident Z Royal 32 GB (4 x 8 GB) DDR4-4000 CL18,63500,DDR4-4000,4 x 8 GB,Gold,1
Corsair Vengeance RGB Pro 32 GB (4 x 8 GB) DDR4-3000 CL15,34500,DDR4-3000,4 x 8 GB,Black,1
Corsair Vengeance LED 16 GB (2 x 8 GB) DDR4-2400 CL16,13000,DDR4-2400,2 x 8 GB,Black / White,1
Corsair Vengeance Pro 16 GB (2 x 8 GB) DDR3-1600 CL9,17500,DDR3-1600,2 x 8 GB,Black / Red,1
Kingston HyperX T1 Black Series 12 GB (3 x 4 GB) DDR3-1600 CL9,11500,DDR3-1600,3 x 4 GB,Black,1
Kingston HyperX Fury RGB 8 GB (1 x 8 GB) DDR4-3466 CL16,9500,DDR4-3466,1 x 8 GB,Black,1
G.Skill Flare X 32 GB (2 x 16 GB) DDR4-3200 CL14,39500,DDR4-3200,2 x 16 GB,Black,1
Apacer Panther-Golden 8 GB (1 x 8 GB) DDR4-2666 CL16,17000,DDR4-2666,1 x 8 GB,Black,1
Crucial Ballistix Sport 16 GB (2 x 8 GB) DDR3-1600 CL9,23500,DDR3-1600,2 x 8 GB,Black,1
Team Night Hawk RGB 16 GB (2 x 8 GB) DDR4-3000 CL16,14000,DDR4-3000,2 x 8 GB,White,1
PNY XLR8 16 GB (2 x 8 GB) DDR3-1600 CL9,13500,DDR3-1600,2 x 8 GB,Black,1
ADATA XPG GAMMIX D10 32 GB (2 x 16 GB) DDR4-3600 CL18,17500,DDR4-3600,2 x 16 GB,Black,1
Patriot Viper Steel 32 GB (2 x 16 GB) DDR4-3000 CL16,28500,DDR4-3000,2 x 16 GB,Silver / Black,1
Team T-Force XTREEM ARGB 64 GB (2 x 32 GB) DDR4-3200 CL16,65000,DDR4-3200,2 x 32 GB,Black,1
Silicon Power GAMING 32 GB (2 x 16 GB) DDR4-3200 CL16,16000,DDR4-3200,2 x 16 GB,Black,1
Corsair Vengeance LPX 16 GB (2 x 8 GB) DDR4-3600 CL20,21000,DDR4-3600,2 x 8 GB,Black / Yellow,1
G.Skill Trident Z 32 GB (2 x 16 GB) DDR4-3400 CL16,41000,DDR4-3400,2 x 16 GB,Black,1
Kingston HyperX Predator 32 GB (4 x 8 GB) DDR4-3000 CL15,35000,DDR4-3000,4 x 8 GB,Black,1
Mushkin Blackline 16 GB (2 x 8 GB) DDR4-2400 CL15,16000,DDR4-2400,2 x 8 GB,Black,1
G.Skill Ripjaws V 32 GB (4 x 8 GB) DDR4-3600 CL16,36000,DDR4-3600,4 x 8 GB,Black,1
G.Skill Trident Z RGB 32 GB (4 x 8 GB) DDR4-3000 CL14,55000,DDR4-3000,4 x 8 GB,Black,1
G.Skill Trident Z Neo 32 GB (4 x 8 GB) DDR4-3600 CL14,52000,DDR4-3600,4 x 8 GB,Black / Silver,1
Patriot Viper Steel 8 GB (1 x 8 GB) DDR4-3200 CL16,8500,DDR4-3200,1 x 8 GB,Silver / Black,1
Silicon Power XPOWER Turbine 16 GB (2 x 8 GB) DDR4-3600 CL18,16500,DDR4-3600,2 x 8 GB,Blue,1
G.Skill Sniper Gaming Series 16 GB (4 x 4 GB) DDR3-2133 CL11,28000,DDR3-2133,4 x 4 GB,Black,1
Kingston FURY 16 GB (2 x 8 GB) DDR4-2400 CL15,17500,DDR4-2400,2 x 8 GB,Black,1
Patriot Viper 4 Blackout 8 GB (2 x 4 GB) DDR4-3000 CL16,13500,DDR4-3000,2 x 4 GB,Black,1
Corsair Dominator Platinum 16 GB (2 x 8 GB) DDR4-3733 CL17,24000,DDR4-3733,2 x 8 GB,Black,1
G.Skill Trident Z RGB 16 GB (2 x 8 GB) DDR4-4400 CL17,38000,DDR4-4400,2 x 8 GB,Black,1
Corsair Vengeance RGB Pro 32 GB (4 x 8 GB) DDR4-4000 CL18,40000,DDR4-4000,4 x 8 GB,Black,1
Corsair Dominator Platinum 32 GB (4 x 8 GB) DDR4-3200 CL16,33000,DDR4-3200,4 x 8 GB,Black,1
G.Skill Aegis 8 GB (1 x 8 GB) DDR4-3200 CL16,9000,DDR4-3200,1 x 8 GB,Red / Black,1
Patriot Viper 3 Low Profile Blue 16 GB (2 x 8 GB) DDR3-1600 CL10,13000,DDR3-1600,2 x 8 GB,Black,1
Neo Forza FAYE 32 GB (2 x 16 GB) DDR4-3200 CL16,33000,DDR4-3200,2 x 16 GB,Silver / Black,1
Crucial Ballistix Sport LT 8 GB (2 x 4 GB) DDR4-2666 CL16,11500,DDR4-2666,2 x 4 GB,Black,1
G.Skill Trident Z RGB 64 GB (2 x 32 GB) DDR4-3600 CL16,68000,DDR4-3600,2 x 32 GB,Black,1
G.Skill Trident X 8 GB (2 x 4 GB) DDR3-2400 CL10,15000,DDR3-2400,2 x 4 GB,Black,1
G.Skill Trident Z Neo 32 GB (4 x 8 GB) DDR4-3800 CL18,58000,DDR4-3800,4 x 8 GB,Black,1
Corsair XMS3 4 GB (2 x 2 GB) DDR3-1600 CL9,8000,DDR3-1600,2 x 2 GB,Black / Blue,1
G.Skill Ripjaws Z Series 32 GB (4 x 8 GB) DDR3-2133 CL11,44500,DDR3-2133,4 x 8 GB,Black,1
ADATA XPG GAMMIX D20 64 GB (2 x 32 GB) DDR4-3200 CL16,18500,DDR4-3200,2 x 32 GB,Black,1
G.Skill Flare X 32 GB (2 x 16 GB) DDR4-3200 CL16,39500,DDR4-3200,2 x 16 GB,Black,1
Team T-Force XTREEM ARGB 32 GB (2 x 16 GB) DDR4-3600 CL18,31000,DDR4-3600,2 x 16 GB,White,1
G.Skill Trident Z Neo 32 GB (4 x 8 GB) DDR4-3200 CL14,49000,DDR4-3200,4 x 8 GB,Black,1
G.Skill Trident Z RGB 16 GB (2 x 8 GB) DDR4-3000 CL15,21500,DDR4-3000,2 x 8 GB,Black,1
Team T-FORCE DARK Z 32 GB (1 x 32 GB) DDR4-3200 CL16,25000,DDR4-3200,1 x 32 GB,Black,1
G.Skill Trident 8 GB (2 x 4 GB) DDR3-2400 CL10,15000,DDR3-2400,2 x 4 GB,Black,1
G.Skill Trident Z 16 GB (2 x 8 GB) DDR4-3600 CL15,21000,DDR4-3600,2 x 8 GB,Black,1
Patriot Viper 3 16 GB (2 x 8 GB) DDR3-1600 CL9,11500,DDR3-1600,2 x 8 GB,Black / Silver,1
Team T-Force Night Hawk RGB 32 GB (2 x 16 GB) DDR4-3200 CL16,28000,DDR4-3200,2 x 16 GB,White,1
G.Skill Trident Z Royal 64 GB (4 x 16 GB) DDR4-3600 CL16,133000,DDR4-3600,4 x 16 GB,Silver,1
G.Skill Trident Z Neo 32 GB (4 x 8 GB) DDR4-3200 CL16,51000,DDR4-3200,4 x 8 GB,Silver / Black,1
Crucial Ballistix Elite 32 GB (4 x 8 GB) DDR4-4000 CL18,23000,DDR4-4000,4 x 8 GB,Black,1
Crucial Ballistix 8 GB (1 x 8 GB) DDR3-1866 CL9,7500,DDR3-1866,1 x 8 GB,Black,1
Crucial Ballistix 16 GB (2 x 8 GB) DDR4-2400 CL16,18000,DDR4-2400,2 x 8 GB,Black,1
Corsair Vengeance RGB 32 GB (4 x 8 GB) DDR4-3000 CL15,53000,DDR4-3000,4 x 8 GB,Black,1
Corsair Dominator Platinum 32 GB (2 x 16 GB) DDR4-3200 CL16,35000,DDR4-3200,2 x 16 GB,Black / Silver,1
GeIL EVO SPEAR Phantom Gaming 32 GB (2 x 16 GB) DDR4-3000 CL16,19500,DDR4-3000,2 x 16 GB,Black,1
G.Skill Ares Series 8 GB (2 x 4 GB) DDR3-1600 CL9,13500,DDR3-1600,2 x 4 GB,Black / Blue,1
Corsair Vengeance LPX 64 GB (4 x 16 GB) DDR4-3200 CL16,79000,DDR4-3200,4 x 16 GB,Black / Yellow,1
ADATA XPG V1.0 16 GB (2 x 8 GB) DDR3-1600 CL9,18000,DDR3-1600,2 x 8 GB,Black,1
Kingston HyperX Predator RGB 16 GB (2 x 8 GB) DDR4-4000 CL19,22500,DDR4-4000,2 x 8 GB,Black,1
G.Skill Trident Z RGB 32 GB (2 x 16 GB) DDR4-3600 CL17,44000,DDR4-3600,2 x 16 GB,Black,1
Corsair Vengeance LED 16 GB (2 x 8 GB) DDR4-3200 CL16,16500,DDR4-3200,2 x 8 GB,Black,1
Patriot Viper Steel 16 GB (1 x 16 GB) DDR4-3200 CL16,13000,DDR4-3200,1 x 16 GB,Silver / Black,1
Team T-Force Dark Pro 16 GB (2 x 8 GB) DDR4-3200 CL16,17500,DDR4-3200,2 x 8 GB,Black,1
ADATA XPG SPECTRIX D50 32 GB (2 x 16 GB) DDR4-3200 CL16,13000,DDR4-3200,2 x 16 GB,Black,1
ADATA Premier 8 GB (1 x 8 GB) DDR4-2400 CL17,8500,DDR4-2400,1 x 8 GB,Green,1
G.Skill Trident Z 32 GB (2 x 16 GB) DDR4-3200 CL16,39500,DDR4-3200,2 x 16 GB,Black / White,1
G.Skill Trident Z Neo 64 GB (4 x 16 GB) DDR4-3200 CL16,69000,DDR4-3200,4 x 16 GB,Black,1
G.Skill Ripjaws Series 8 GB (2 x 4 GB) DDR3-1066 CL7,1200,DDR3-1066,2 x 4 GB,Black / Red,1
Corsair Vengeance RGB Pro 16 GB (2 x 8 GB) DDR4-3200 CL14,16500,DDR4-3200,2 x 8 GB,Black,1
G.Skill Trident Z Neo 64 GB (2 x 32 GB) DDR4-3800 CL18,73000,DDR4-3800,2 x 32 GB,Black,1
Silicon Power Gaming 16 GB (2 x 8 GB) DDR4-3000 CL16,14500,DDR4-3000,2 x 8 GB,Black / Silver,1
Patriot Signature 16 GB (2 x 8 GB) DDR3-1600 CL11,10500,DDR3-1600,2 x 8 GB,Black,1
GeIL EVO POTENZA 16 GB (2 x 8 GB) DDR4-2400 CL16,17500,DDR4-2400,2 x 8 GB,Black,1
Team T-FORCE VULCAN Z 8 GB (1 x 8 GB) DDR4-3200 CL16,8000,DDR4-3200,1 x 8 GB,Black,1
Team NIGHT HAWK 32 GB (2 x 16 GB) DDR4-3200 CL16,24500,DDR4-3200,2 x 16 GB,Black,1
GeIL EVO POTENZA 16 GB (2 x 8 GB) DDR4-3200 CL16,20000,DDR4-3200,2 x 8 GB,Black,1
GeIL EVO POTENZA 16 GB (2 x 8 GB) DDR4-2133 CL15,16500,DDR4-2133,2 x 8 GB,Black,1
G.Skill Trident Z RGB 16 GB (2 x 8 GB) DDR4-2400 CL15,19000,DDR4-2400,2 x 8 GB,Black,1
Patriot Viper 3 16 GB (2 x 8 GB) DDR3-1866 CL10,12000,DDR3-1866,2 x 8 GB,Black / Silver,1
Kingston HyperX Fury Black 4 GB (1 x 4 GB) DDR3-1866 CL10,4500,DDR3-1866,1 x 4 GB,Black / Silver,1
G.Skill Trident Z RGB 32 GB (4 x 8 GB) DDR4-4000 CL18,62000,DDR4-4000,4 x 8 GB,Black,1
Patriot Viper Steel 16 GB (2 x 8 GB) DDR4-3000 CL16,14500,DDR4-3000,2 x 8 GB,Silver / Black,1
Patriot Signature Premium 8 GB (2 x 4 GB) DDR4-2666 CL19,8200,DDR4-2666,2 x 4 GB,Black,1
Crucial Ballistix MAX RGB 32 GB (2 x 16 GB) DDR4-4000 CL18,26000,DDR4-4000,2 x 16 GB,Black,1
Team T-FORCE DELTA TUF Gaming 32 GB (2 x 16 GB) DDR4-3200 CL16,13500,DDR4-3200,2 x 16 GB,Black / Gold,1
G.Skill Trident Z Royal 64 GB (2 x 32 GB) DDR4-3200 CL16,130000,DDR4-3200,2 x 32 GB,Silver,1
Crucial Ballistix Sport LT 64 GB (4 x 16 GB) DDR4-2400 CL16,68000,DDR4-2400,4 x 16 GB,Black,1
G.Skill Trident Z RGB 32 GB (4 x 8 GB) DDR4-4000 CL15,63000,DDR4-4000,4 x 8 GB,Black,1
Patriot Viper Elite 8 GB (1 x 8 GB) DDR4-2400 CL16,8500,DDR4-2400,1 x 8 GB,Black,1
G.Skill Trident Z 32 GB (4 x 8 GB) DDR4-3200 CL14,47000,DDR4-3200,4 x 8 GB,Silver / White,1
G.Skill Trident Z RGB 32 GB (2 x 16 GB) DDR4-3733 CL17,45000,DDR4-3733,2 x 16 GB,Black,1
G.Skill Sniper Series 8 GB (2 x 4 GB) DDR3-2133 CL9,8900,DDR3-2133,2 x 4 GB,Black,1
Team T-Force Delta RGB 16 GB (2 x 8 GB) DDR4-2666 CL15,15000,DDR4-2666,2 x 8 GB,Black,1
G.Skill Ripjaws Series 8 GB (2 x 4 GB) DDR3-1600 CL9,14000,DDR3-1600,2 x 4 GB,Black / Red,1
G.Skill Ripjaws V 32 GB (2 x 16 GB) DDR4-3600 CL19,38500,DDR4-3600,2 x 16 GB,Red / Black,1
GeIL Evo X II RGB SYNC 16 GB (2 x 8 GB) DDR4-3000 CL16,18500,DDR4-3000,2 x 8 GB,Black,1
Corsair Vengeance LPX 64 GB (2 x 32 GB) DDR4-3000 CL16,45000,DDR4-3000,2 x 32 GB,Black / Yellow,1
Crucial Ballistix MAX 16 GB (2 x 8 GB) DDR4-4000 CL18,13500,DDR4-4000,2 x 8 GB,Black,1
G.Skill Trident Z RGB 32 GB (4 x 8 GB) DDR4-3866 CL18,61000,DDR4-3866,4 x 8 GB,Black,1
G.Skill Ripjaws X Series 32 GB (4 x 8 GB) DDR3-1600 CL10,23500,DDR3-1600,4 x 8 GB,Black,1
G.Skill Trident Z Neo 16 GB (2 x 8 GB) DDR4-3200 CL14,20500,DDR4-3200,2 x 8 GB,Silver / Black,1
Corsair Vengeance RGB Pro 32 GB (4 x 8 GB) DDR4-2666 CL16,32500,DDR4-2666,4 x 8 GB,Black,1
Team Elite 16 GB (2 x 8 GB) DDR3-1600 CL11,13500,DDR3-1600,2 x 8 GB,Black,1
GeIL SUPER LUCE RGB SYNC 16 GB (2 x 8 GB) DDR4-3600 CL18,20500,DDR4-3600,2 x 8 GB,Black,1
ADATA XPG GAMMIX D20 32 GB (2 x 16 GB) DDR4-3200 CL16,18500,DDR4-3200,2 x 16 GB,Black,1
V-Color Prism RGB 16 GB (2 x 8 GB) DDR4-3200 CL16,16500,DDR4-3200,2 x 8 GB,Black,1
Crucial Ballistix Elite 8 GB (2 x 4 GB) DDR3-1600 CL8,7500,DDR3-1600,2 x 4 GB,Black,1
ADATA XPG SPECTRIX D41 32 GB (2 x 16 GB) DDR4-2666 CL16,25000,DDR4-2666,2 x 16 GB,Black,1
ADATA XPG V1.0 8 GB (2 x 4 GB) DDR3-1866 CL10,19500,DDR3-1866,2 x 4 GB,Black,1
Crucial Ballistix Sport LT 32 GB (2 x 16 GB) DDR4-2400 CL16,35000,DDR4-2400,2 x 16 GB,Black,1
Corsair Vengeance LPX 8 GB (1 x 8 GB) DDR4-3000 CL16,13000,DDR4-3000,1 x 8 GB,Black,1
G.Skill Trident Z Royal 32 GB (2 x 16 GB) DDR4-3000 CL16,45500,DDR4-3000,2 x 16 GB,Silver,1
G.Skill Trident Z Royal 32 GB (4 x 8 GB) DDR4-3200 CL16,58500,DDR4-3200,4 x 8 GB,Silver,1
Corsair Vengeance LPX 128 GB (4 x 32 GB) DDR4-3600 CL18,118000,DDR4-3600,4 x 32 GB,Black / Yellow,1
Corsair Vengeance LPX 32 GB (2 x 16 GB) DDR4-3600 CL20,31000,DDR4-3600,2 x 16 GB,Black,1
Thermaltake TOUGHPOWER 16 GB (2 x 8 GB) DDR4-3200 CL16,22000,DDR4-3200,2 x 8 GB,Black / Silver,1
Corsair Vengeance LPX 8 GB (2 x 4 GB) DDR4-2400 CL16,11000,DDR4-2400,2 x 4 GB,Black / Yellow,1
G.Skill Trident Z Royal 32 GB (2 x 16 GB) DDR4-3200 CL14,47500,DDR4-3200,2 x 16 GB,Black,1
Kingston Savage 16 GB (4 x 4 GB) DDR4-2666 CL13,18000,DDR4-2666,4 x 4 GB,Black,1
Corsair Vengeance LPX 16 GB (2 x 8 GB) DDR4-2400 CL14,15000,DDR4-2400,2 x 8 GB,Black / Yellow,1
Corsair Dominator Platinum RGB 32 GB (4 x 8 GB) DDR4-3000 CL15,52000,DDR4-3000,4 x 8 GB,Black,1
Team T-Create Classic 64 GB (2 x 32 GB) DDR4-3200 CL22,43000,DDR4-3200,2 x 32 GB,Silver,1
G.Skill Trident Z 16 GB (2 x 8 GB) DDR4-4000 CL18,23000,DDR4-4000,2 x 8 GB,Black / White,1
G.Skill Ares Series 16 GB (2 x 8 GB) DDR3-2133 CL11,21000,DDR3-2133,2 x 8 GB,Black,1
G.Skill Trident Z Neo 128 GB (4 x 32 GB) DDR4-3200 CL16,168000,DDR4-3200,4 x 32 GB,Black / Silver,1
Kingston HyperX Fury Blue 8 GB (2 x 4 GB) DDR3-1600 CL10,8500,DDR3-1600,2 x 4 GB,Black,1
G.Skill Trident Z 32 GB (2 x 16 GB) DDR4-4000 CL19,43000,DDR4-4000,2 x 16 GB,Black / Silver,1
G.Skill Aegis 32 GB (2 x 16 GB) DDR4-3000 CL16,27000,DDR4-3000,2 x 16 GB,Red / Black,1
Corsair Vengeance LPX 16 GB (4 x 4 GB) DDR4-2133 CL15,16000,DDR4-2133,4 x 4 GB,Black,1
G.Skill Trident Z Royal 16 GB (2 x 8 GB) DDR4-3000 CL16,23000,DDR4-3000,2 x 8 GB,Silver,1
ADATA XPG SPECTRIX D60G 16 GB (2 x 8 GB) DDR4-3600 CL17,28000,DDR4-3600,2 x 8 GB,Black,1
Crucial Ballistix Sport LT 32 GB (2 x 16 GB) DDR4-3200 CL16,35000,DDR4-3200,2 x 16 GB,Black,1
Kingston HyperX Predator 128 GB (4 x 32 GB) DDR4-3200 CL16,128000,DDR4-3200,4 x 32 GB,Black,1
G.Skill Trident Z Royal 16 GB (2 x 8 GB) DDR4-4266 CL16,28500,DDR4-4266,2 x 8 GB,Silver,1
G.Skill Trident Z Neo 32 GB (2 x 16 GB) DDR4-3200 CL16,29500,DDR4-3200,2 x 16 GB,Silver / Black,1
ADATA XPG GAMMIX D30 32 GB (2 x 16 GB) DDR4-3200 CL16,18500,DDR4-3200,2 x 16 GB,Black,1
G.Skill Trident Z Royal 64 GB (2 x 32 GB) DDR4-3200 CL14,132000,DDR4-3200,2 x 32 GB,Gold,1
Team T-FORCE XCALIBUR RGB SE 16 GB (2 x 8 GB) DDR4-4000 CL18,17000,DDR4-4000,2 x 8 GB,Black,1
Corsair Vengeance LPX 64 GB (2 x 32 GB) DDR4-4000 CL18,58000,DDR4-4000,2 x 32 GB,Black / Yellow,1
Silicon Power XPOWER Turbine 32 GB (2 x 16 GB) DDR4-3200 CL16,26000,DDR4-3200,2 x 16 GB,Blue,1
Crucial Ballistix Sport 8 GB (2 x 4 GB) DDR4-2400 CL16,12000,DDR4-2400,2 x 4 GB,Black,1
G.Skill Trident Z Royal 32 GB (2 x 16 GB) DDR4-4000 CL17,51000,DDR4-4000,2 x 16 GB,Gold,1
Corsair Vengeance LPX 32 GB (1 x 32 GB) DDR4-3000 CL16,18500,DDR4-3000,1 x 32 GB,Black / Yellow,1
Team T-FORCE VULCAN TUF Gaming Allian 32 GB (2 x 16 GB) DDR4-3600 CL19,19000,DDR4-3600,2 x 16 GB,Black / Gold,1
Corsair Vengeance LPX 32 GB (4 x 8 GB) DDR4-3000 CL16,37500,DDR4-3000,4 x 8 GB,Black,1
Crucial Ballistix Tactical 16 GB (2 x 8 GB) DDR4-3000 CL15,19000,DDR4-3000,2 x 8 GB,Black,1
Crucial Ballistix Tactical 16 GB (2 x 8 GB) DDR3-1600 CL8,17500,DDR3-1600,2 x 8 GB,Black,1
Kingston HyperX Fury 4 GB (1 x 4 GB) DDR4-2666 CL16,6000,DDR4-2666,1 x 4 GB,Black / Silver,1
G.Skill Aegis 16 GB (1 x 16 GB) DDR4-3200 CL16,16500,DDR4-3200,1 x 16 GB,Red / Black,1
Corsair Dominator Platinum 16 GB (2 x 8 GB) DDR4-3200 CL14,23000,DDR4-3200,2 x 8 GB,Black,1
Crucial Ballistix Sport LT 8 GB (1 x 8 GB) DDR4-2400 CL16,9000,DDR4-2400,1 x 8 GB,Black,1
G.Skill Aegis 16 GB (2 x 8 GB) DDR4-2400 CL15,15000,DDR4-2400,2 x 8 GB,Black / Red,1
Corsair Vengeance LED 32 GB (2 x 16 GB) DDR4-3000 CL15,31000,DDR4-3000,2 x 16 GB,Black,1
Corsair Vengeance RGB Pro 32 GB (4 x 8 GB) DDR4-3200 CL14,35500,DDR4-3200,4 x 8 GB,Black,1
EVGA SuperSC 16 GB (2 x 8 GB) DDR4-2400 CL15,17500,DDR4-2400,2 x 8 GB,Black,1
Team T-FORCE VULCAN Z 8 GB (1 x 8 GB) DDR4-3000 CL16,7800,DDR4-3000,1 x 8 GB,Silver / Black,1
Team T-FORCE DARK Za 16 GB (2 x 8 GB) DDR4-3200 CL16,13000,DDR4-3200,2 x 8 GB,Black / Silver,1
G.Skill Trident Z Royal 128 GB (4 x 32 GB) DDR4-3200 CL16,204600,DDR4-3200,4 x 32 GB,Silver,1
Kingston HyperX FURY 16 GB (1 x 16 GB) DDR4-3200 CL16,18000,DDR4-3200,1 x 16 GB,Black,1
Corsair Vengeance LPX 16 GB (2 x 8 GB) DDR4-2933 CL16,13500,DDR4-2933,2 x 8 GB,Black / Yellow,1
OLOy Warhawk RGB 64 GB (2 x 32 GB) DDR4-3200 CL16,64500,DDR4-3200,2 x 32 GB,Black,1
Team Vulcan 16 GB (2 x 8 GB) DDR4-2400 CL14,14500,DDR4-2400,2 x 8 GB,Black,1
G.Skill Ripjaws V 16 GB (2 x 8 GB) DDR4-4000 CL15,27000,DDR4-4000,2 x 8 GB,Black,1
Corsair Dominator Platinum 128 GB (8 x 16 GB) DDR4-2666 CL15,260000,DDR4-2666,8 x 16 GB,Black,1
G.Skill Flare X 32 GB (2 x 16 GB) DDR4-2933 CL16,38500,DDR4-2933,2 x 16 GB,Black,1
Corsair Vengeance LPX 128 GB (8 x 16 GB) DDR4-3200 CL16,115000,DDR4-3200,8 x 16 GB,Black / Yellow,1
G.Skill Ripjaws V Series 32 GB (4 x 8 GB) DDR4-3200 CL16,27500,DDR4-3200,4 x 8 GB,Red,1
Kingston HyperX Fury Blue 8 GB (2 x 4 GB) DDR3-1866 CL10,9000,DDR3-1866,2 x 4 GB,Blue / Silver,1
G.Skill Ripjaws V Series 16 GB (2 x 8 GB) DDR4-3200 CL14,19000,DDR4-3200,2 x 8 GB,Black,1
Team Elite 4 GB (1 x 4 GB) DDR3-1600 CL11,3500,DDR3-1600,1 x 4 GB,Black,1
Corsair Dominator Platinum RGB 32 GB (2 x 16 GB) DDR4-4000 CL19,48000,DDR4-4000,2 x 16 GB,White,1
Corsair Vengeance RGB Pro 128 GB (4 x 32 GB) DDR4-4000 CL18,117500,DDR4-4000,4 x 32 GB,Black,1
Kingston HyperX Predator 8 GB (2 x 4 GB) DDR4-3000 CL15,9000,DDR4-3000,2 x 4 GB,Black / Silver,1
G.Skill Ripjaws V Series 16 GB (2 x 8 GB) DDR4-2800 CL16,18000,DDR4-2800,2 x 8 GB,Black,1
Patriot Viper 4 16 GB (2 x 8 GB) DDR4-3000 CL16,12500,DDR4-3000,2 x 8 GB,Black / Red,1
G.Skill Aegis 16 GB (1 x 16 GB) DDR4-2133 CL15,14500,DDR4-2133,1 x 16 GB,Black / Red,1
Kingston HyperX Fury Black 16 GB (2 x 8 GB) DDR3-1866 CL10,12500,DDR3-1866,2 x 8 GB,Black,1
Patriot Signature 8 GB (1 x 8 GB) DDR3-1600 CL11,7500,DDR3-1600,1 x 8 GB,Black / Green,1
G.Skill Ripjaws X Series 16 GB (2 x 8 GB) DDR3-1333 CL9,16500,DDR3-1333,2 x 8 GB,Black / Red,1
Corsair Vengeance RGB Pro 16 GB (2 x 8 GB) DDR4-3466 CL16,17500,DDR4-3466,2 x 8 GB,9.233 ns,1
G.Skill Aegis 16 GB (2 x 8 GB) DDR4-2133 CL15,14000,DDR4-2133,2 x 8 GB,Black / Red,1
Corsair Vengeance RGB Pro 16 GB (1 x 16 GB) DDR4-3200 CL16,120000,DDR4-3200,1 x 16 GB,10 ns,1
G.Skill Ripjaws V Series 16 GB (2 x 8 GB) DDR4-2133 CL15,16600,DDR4-2133,2 x 8 GB,Black / Red,1
G.Skill Sniper X 16 GB (2 x 8 GB) DDR4-3200 CL16,13800,DDR4-3200,2 x 8 GB,Black,1
Crucial Ballistix 64 GB (2 x 32 GB) DDR4-3200 CL16,52000,DDR4-3200,2 x 32 GB,Black,1
G.Skill Aegis 16 GB (2 x 8 GB) DDR4-2400 CL17,15000,DDR4-2400,2 x 8 GB,Black / Red,1
G.Skill Trident Z 32 GB (2 x 16 GB) DDR4-3000 CL15,38500,DDR4-3000,2 x 16 GB,Black,1
Kingston HyperX Fury RGB 32 GB (4 x 8 GB) DDR4-3200 CL16,34000,DDR4-3200,4 x 8 GB,Black,1
G.Skill Ripjaws X Series 16 GB (2 x 8 GB) DDR3-1600 CL10,18000,DDR3-1600,2 x 8 GB,Black / Red,1
G.Skill TridentZ RGB 32 GB (2 x 16 GB) DDR4-2400 CL15,31000,DDR4-2400,2 x 16 GB,Black,1
ADATA XPG Z1 16 GB (2 x 8 GB) DDR4-2400 CL16,23000,DDR4-2400,2 x 8 GB,Black,1
G.Skill Trident Z 16 GB (2 x 8 GB) DDR4-4000 CL19,23000,DDR4-4000,2 x 8 GB,Black / White,1
Kingston HyperX FURY 8 GB (2 x 4 GB) DDR3-1866 CL11,9600,DDR3-1866,2 x 4 GB,Black,1
Crucial Ballistix 16 GB (2 x 8 GB) DDR3-1600 CL8,17500,DDR3-1600,1 x 8 GB,Black,1
G.Skill TridentZ RGB 32 GB (2 x 16 GB) DDR4-3200 CL15,33500,DDR4-3200,2 x 16 GB,Black,1
Kingston HyperX Blu 8 GB (2 x 4 GB) DDR3-1333 CL9,9000,DDR3-1333,2 x 4 GB,Black,1
G.Skill Ripjaws X Series 8 GB (2 x 4 GB) DDR3-1866 CL8,8200,DDR3-1866,2 x 4 GB,Black,1
G.Skill Ripjaws V 8 GB (1 x 8 GB) DDR4-3600 CL19,8700,DDR4-3600,1 x 8 GB,Red / Black,1
Kingston HyperX Fury RGB 64 GB (2 x 32 GB) DDR4-3200 CL16,36000,DDR4-3200,2 x 32 GB,Black,1
Corsair Vengeance LPX 64 GB (4 x 16 GB) DDR4-3600 CL18,82500,DDR4-3600,4 x 16 GB,Black,1
G.Skill Trident Z Neo 32 GB (2 x 16 GB) DDR4-3200 CL14,29000,DDR4-3200,2 x 16 GB,Silver / Black,1
Corsair Vengeance LPX 64 GB (4 x 16 GB) DDR4-4000 CL18,83500,DDR4-4000,4 x 16 GB,Black,1
Corsair Vengeance RGB Pro 32 GB (2 x 16 GB) DDR4-3333 CL16,26000,DDR4-3333,2 x 16 GB,Black,1
Kingston HyperX Predator RGB 16 GB (2 x 8 GB) DDR4-3600 CL17,19000,DDR4-3600,2 x 8 GB,Black,1
Team T-Force Night Hawk RGB 32 GB (2 x 16 GB) DDR4-3000 CL16,27000,DDR4-3000,2 x 16 GB,Black,1
Patriot Viper 4 16 GB (2 x 8 GB) DDR4-3733 CL17,14000,DDR4-3733,2 x 8 GB,Red / Black,1
PNY XLR8 16 GB (2 x 8 GB) DDR4-2666 CL16,15000,DDR4-2666,2 x 8 GB,Black / Red,1
G.Skill Value 8 GB (1 x 8 GB) DDR3-1600 CL11,8500,DDR3-1600,1 x 8 GB,Black,1
Patriot Viper 4 32 GB (2 x 16 GB) DDR4-3200 CL16,24000,DDR4-3200,2 x 16 GB,Red / Black,1
G.Skill Trident Z Royal 16 GB (2 x 8 GB) DDR4-4600 CL18,31000,DDR4-4600,2 x 8 GB,Silver,1
Kingston HyperX Fury RGB 16 GB (2 x 8 GB) DDR4-3000 CL15,17000,DDR4-3000,2 x 8 GB,Black,1
G.Skill Ripjaws V Series 8 GB (1 x 8 GB) DDR4-2800 CL15,8500,DDR4-2800,1 x 8 GB,Black,1
G.Skill Ripjaws V 128 GB (4 x 32 GB) DDR4-3600 CL18,175000,DDR4-3600,4 x 32 GB,Black,1