Storage,Storage Price,storage_capacity,storage_type,storage_form_factor,Inventory
Seagate Barracuda Compute 2 TB,24000,2 TB,SSD,"2.5""",1
Western Digital Blue 2 TB,43000,2 TB,SSD,M.2-2280,1
Kingston Savage 240 GB,3500,240 GB,SSD,"2.5""",1
Team CARDEA ZERO Z440 2 TB,24700,2 TB,SSD,M.2-2280,1
Seagate Barracuda 2 TB,23000,2 TB,7200RPM,"3.5""",1
Samsung 970 Evo 1 TB,27900,1 TB,SSD,M.2-2280,1
Samsung 980 Pro 1 TB,28500,1 TB,SSD,M.2-2280,1
Samsung 870 Evo 1 TB,26500,1 TB,SSD,"2.5""",1
Samsung 970 Evo Plus 1 TB,27900,1 TB,SSD,M.2-2280,1
Samsung 970 Evo 500 GB,18500,500 GB,SSD,M.2-2280,1
Western Digital WD_BLACK SN750 SE 1 TB,21000,1 TB,SSD,M.2-2280,1
Kingston A400 480 GB,8000,480 GB,SSD,"2.5""",1
Samsung 970 EVO Plus 2 TB,43000,2 TB,SSD,M.2-2280,1
Samsung 980 Pro 2 TB,45000,2 TB,SSD,M.2-2280,1
Corsair MP600 Force Series Gen4 1 TB,23500,1 TB,SSD,M.2-2280,1
Inland 2TB NVME PREMIU 2 TB,48000,2 TB,SSD,M.2-2280,1
Western Digital Caviar Green 2 TB,36000,2 TB,5400RPM,"3.5""",1
Crucial MX500 2 TB,32000,2 TB,SSD,"2.5""",1
Western Digital Caviar Blue 1 TB,12000,1 TB,7200RPM,"3.5""",1
Western Digital WD_BLACK SN750 1 TB,21000,1 TB,SSD,M.2-2280,1
Western Digital Blue 1 TB,29000,1 TB,SSD,"2.5""",1
Western Digital Blue SN550 500 GB,7000,500 GB,SSD,M.2-2280,1
Samsung 870 QVO 2 TB,43000,2 TB,SSD,"2.5""",1
Crucial P5 1 TB,22000,1 TB,SSD,M.2-2280,1
Samsung 980 1 TB,28500,1 TB,SSD,M.2-2280,1
Crucial MX500 1 TB,17500,1 TB,SSD,"2.5""",1
Western Digital Blue SN550 1 TB,12000,1 TB,SSD,M.2-2280,1
ADATA XPG GAMMIX S50 Lite 2 TB,43000,2 TB,SSD,M.2-2280,1
Seagate FireCuda 2 TB,65000,2 TB,SSD,M.2-2280,1
Western Digital WD_BLACK SN750 500 GB,14000,500 GB,SSD,M.2-2280,1
Kingston A2000 1 TB,27500,1 TB,SSD,M.2-2280,1
Corsair MP400 2 TB,41000,2 TB,SSD,M.2-2280,1
Samsung PM863 3.84 TB,73000,3.84 TB,SSD,"2.5""",1
Western Digital Purple 8 TB,50000,8 TB,7200RPM,"3.5""",1
Samsung 860 Evo 1 TB,26500,1 TB,SSD,"2.5""",1
Seagate BarraCuda 1 TB,12000,1 TB,7200RPM,"3.5""",1
Western Digital Black SN850 1 TB,27000,1 TB,SSD,M.2-2280,1
Crucial P2 1 TB,20000,1 TB,SSD,M.2-2280,1
Klevv CRAS C710 512 GB,14000,512 GB,SSD,M.2-2280,1
Seagate BarraCuda 4 TB,45000,4 TB,5900RPM,"3.5""",1
Western Digital Blue 500 GB,15000,500 GB,SSD,"2.5""",1
Western Digital Black 6 TB,43000,6 TB,7200RPM,"3.5""",1
Team MP33 1 TB,24700,1 TB,SSD,M.2-2280,1
Toshiba HDD3B03 2 TB,47500,2 TB,7200RPM,"3.5""",1
Kingston A400 1.92 TB,48000,1.92 TB,SSD,"2.5""",1
Corsair MP600 Core 2 TB,37500,2 TB,SSD,M.2-2280,1
Samsung 840 EVO 250 GB,7500,250 GB,SSD,"2.5""",1
Inland Premium 1 TB,27500,1 TB,SSD,M.2-2280,1
Toshiba HDD2J92 640 GB,47500,640 GB,5400RPM,"2.5""",1
Hitachi Travelstar 1 TB,27500,1 TB,7200RPM,"2.5""",1
SK hynix Gold P31 1 TB,24700,1 TB,SSD,M.2-2280,1
Western Digital Blue 4 TB,73000,4 TB,SSD,"2.5""",1
Western Digital Black SN850 (w/Heatsink) 2 TB,34000,2 TB,SSD,M.2-2280,1
Samsung 970 Evo Plus 500 GB,18500,500 GB,SSD,M.2-2280,1
Seagate Barracuda Compute 8 TB,60000,8 TB,5400RPM,"3.5""",1
Samsung 870 Evo 2 TB,48000,2 TB,SSD,"2.5""",1
Western Digital Blue 3 TB,59000,3 TB,5400RPM,"3.5""",1
Samsung 860 Evo 2 TB,48000,2 TB,SSD,M.2-2280,1
Samsung 850 EVO-Series 500 GB,16500,500 GB,SSD,"2.5""",1
Crucial P2 2 TB,37500,2 TB,SSD,M.2-2280,1
Intel 670p 512 GB,14000,512 GB,SSD,M.2-2280,1
Hitachi Ultrastar 2 TB,48000,2 TB,7200RPM,"3.5""",1
MSI SPATIUM M480 1 TB,27500,1 TB,SSD,M.2-2280,1
Seagate Barracuda 500 GB,13000,500 GB,7200RPM,"3.5""",1
Seagate Enterprise Capacity 1 TB,11000,1 TB,7200RPM,"2.5""",1
Sabrent Rocket 4 Plus 4 TB,50000,4 TB,SSD,M.2-2280,1
Crucial MX500 500 GB,12500,500 GB,SSD,"2.5""",1
Samsung Spinpoint M8 500 GB,18500,500 GB,5400RPM,"2.5""",1
Western Digital Caviar Blue 750 GB,8600,750 GB,7200RPM,"3.5""",1
Silicon Power A60 1 TB,21000,1 TB,SSD,M.2-2280,1
Seagate BarraCuda Pro Compute 1 TB,14000,1 TB,7200RPM,"2.5""",1
Western Digital Green 4 TB,38000,4 TB,5900RPM,"3.5""",1
Seagate Barracuda Compute 3 TB,30000,3 TB,5400RPM,"3.5""",1
Western Digital BLACK SERIES 2 TB,44500,2 TB,7200RPM,"3.5""",1
Seagate Barracuda Compute 1 TB,12000,1 TB,SSD,"2.5""",1
Gigabyte AORUS Gen4 7000s 1 TB,22500,1 TB,SSD,M.2-2280,1
Samsung Spinpoint F1 DT 1 TB,24700,1 TB,7200RPM,"3.5""",1
Western Digital Red 4 TB,33000,4 TB,5400RPM,"3.5""",1
SK hynix Gold S31 1 TB,24700,1 TB,SSD,"2.5""",1
Seagate FireCuda 1 TB,37400,1 TB,SSD,M.2-2280,1
Samsung 860 Evo 500 GB,16500,500 GB,SSD,M.2-2280,1
Western Digital WD Blue 2 TB,44000,2 TB,SSD,"2.5""",1
Western Digital Black 4 TB,26000,4 TB,7200RPM,"3.5""",1
Silicon Power A55 512 GB,14000,512 GB,SSD,"2.5""",1
Western Digital Black SN850 500 GB,14000,500 GB,SSD,M.2-2280,1
Toshiba P300 1 TB,47500,1 TB,7200RPM,"3.5""",1
ADATA XPG SX8200 Pro 1 TB,26000,1 TB,SSD,M.2-2280,1
Samsung 980 500 GB,18500,500 GB,SSD,M.2-2280,1
Western Digital HGST DC HC530 14 TB,38000,14 TB,7200RPM,"3.5""",1
Toshiba X300 5 TB,32000,5 TB,7200RPM,"3.5""",1
Toshiba X300 4 TB,25000,4 TB,7200RPM,"3.5""",1
Hitachi Travelstar 7K1000 1 TB,27500,1 TB,7200RPM,"2.5""",1
Sabrent Rocket 4.0 2 TB,48000,2 TB,SSD,M.2-2280,1
Seagate Barracuda 3 TB,27000,3 TB,7200RPM,"3.5""",1
Seagate Barracuda Compute 4 TB,45000,4 TB,5400RPM,"3.5""",1
Western Digital WD Blue 4 TB,59000,4 TB,5400RPM,"3.5""",1
ADATA XPG GAMMIX S70 1 TB,21000,1 TB,SSD,M.2-2280,1
Western Digital Gold 18 TB,80000,18 TB,7200RPM,"3.5""",1
Team T-FORCE Delta Max RGB 1 TB,24700,1 TB,SSD,"2.5""",1
Crucial P1 1 TB,19500,1 TB,SSD,M.2-2280,1
Samsung 970 Pro 1 TB,27900,1 TB,SSD,M.2-2280,1
Western Digital Black SN850 2 TB,45000,2 TB,SSD,M.2-2280,1
Samsung 870 QVO 1 TB,26500,1 TB,SSD,"2.5""",1
Toshiba DT01ACA100 1 TB,24700,1 TB,7200RPM,"3.5""",1
Kingston A2000 500 GB,11500,500 GB,SSD,M.2-2280,1
Sabrent Rocket Q 2 TB,48000,2 TB,SSD,M.2-2280,1
Samsung 980 Pro 500 GB,18500,500 GB,SSD,M.2-2280,1
Samsung 980 Pro 250 GB,8000,250 GB,SSD,M.2-2280,1
Western Digital Blue SN550 250 GB,3400,250 GB,SSD,M.2-2280,1
Crucial BX500 1 TB,22500,1 TB,SSD,"2.5""",1
Sabrent Rocket 4.0 1 TB,27500,1 TB,SSD,M.2-2280,1
Crucial P1 500 GB,13200,500 GB,SSD,M.2-2280,1
Mushkin Pilot-E 2 TB,48000,2 TB,SSD,M.2-2280,1
Toshiba MK3276GSX 320 GB,47500,320 GB,5400RPM,"2.5""",1
Mushkin Enhanced Helix-L 1 TB,27500,1 TB,SSD,M.2-2280,1
Gigabyte AORUS 1 TB,22500,1 TB,SSD,PCI-E,1
Crucial P2 500 GB,11900,500 GB,SSD,M.2-2280,1
Inland Platinum 2 TB,48000,2 TB,SSD,M.2-2280,1
Western Digital Black SN850 (w/Heatsink) 500 GB,12000,500 GB,SSD,M.2-2280,1
Team T-Force Cardea Zero Z340 1 TB,24700,1 TB,SSD,M.2-2280,1
ADATA XPG SX8200 Pro 2 TB,47000,2 TB,SSD,M.2-2280,1
Samsung 870 Evo 500 GB,16500,500 GB,SSD,"2.5""",1
Kingston A2000 250 GB,5000,250 GB,SSD,M.2-2280,1
Western Digital Black 1 TB,97000,1 TB,7200RPM,"2.5""",1
Seagate IronWolf NAS 8 TB,37500,8 TB,7200RPM,"3.5""",1
Western Digital Caviar Blue 500 GB,7400,500 GB,7200RPM,"3.5""",1
Western Digital AV-25 1 TB,18000,1 TB,5400RPM,"2.5""",1
Crucial P5 Plus 1 TB,19500,1 TB,SSD,M.2-2280,1
Crucial P2 250 GB,6800,250 GB,SSD,M.2-2280,1
Western Digital Green 1 TB,15000,1 TB,SSD,"2.5""",1
Crucial BX500 2 TB,38000,2 TB,SSD,"2.5""",1
SK hynix Gold S31 500 GB,17000,500 GB,SSD,"2.5""",1
Western Digital Green 6 TB,55000,6 TB,5400RPM,"3.5""",1
Seagate BarraCuda Pro 10 TB,75000,10 TB,7200RPM,"3.5""",1
Kingston KC2500 2 TB,48000,2 TB,SSD,M.2-2280,1
Seagate IronWolf Pro 4 TB,29000,4 TB,7200RPM,"3.5""",1
Corsair MP600 Core 1 TB,20000,1 TB,SSD,M.2-2280,1
Hitachi Ultrastar 7K4000 3 TB,25000,3 TB,7200RPM,"3.5""",1
Western Digital Black 10 TB,52000,10 TB,7200RPM,"3.5""",1
Western Digital RE 4 TB,38000,4 TB,7200RPM,"3.5""",1
Intel 660p 512 GB,14000,512 GB,SSD,M.2-2280,1
Western Digital Gold 8 TB,48000,8 TB,7200RPM,"3.5""",1
ADATA XPG SX8100 1 TB,25000,1 TB,SSD,M.2-2280,1
Team T-Force Cardea Zero Z330 512 GB,15000,512 GB,SSD,M.2-2280,1
Samsung 960 Pro 2 TB,43000,2 TB,SSD,M.2-2280,1
Hitachi Ultrastar 7K3000 2 TB,48000,2 TB,7200RPM,"3.5""",1
Samsung 850 Pro Series 256 GB,9200,256 GB,SSD,"2.5""",1
Sabrent Rocket 512 GB,14000,512 GB,SSD,M.2-2242,1
Gigabyte AORUS Gen4 1 TB,22500,1 TB,SSD,M.2-2280,1
Western Digital Scorpio Blue 500 GB,8400,500 GB,5400RPM,"2.5""",1
Samsung 860 Evo 4 TB,75000,4 TB,SSD,"2.5""",1
Seagate IronWolf NAS 4 TB,30000,4 TB,5900RPM,"3.5""",1
Gigabyte AORUS NVMe Gen4 2 TB,48000,2 TB,SSD,M.2-2280,1
Samsung 850 EVO-Series 250 GB,6000,250 GB,SSD,"2.5""",1
Western Digital WD_BLACK SN750 2 TB,36000,2 TB,SSD,M.2-2280,1
Team MP33 512 GB,15000,512 GB,SSD,M.2-2280,1
Inland Platinum 1 TB,27500,1 TB,SSD,M.2-2280,1
Corsair MP600 Force Series Gen4 2 TB,46500,2 TB,SSD,M.2-2280,1
Patriot VPN100 256 GB,9200,256 GB,SSD,M.2-2280,1
Western Digital Red Pro 6 TB,47000,6 TB,7200RPM,"3.5""",1
Western Digital Caviar Blue 250 GB,3400,250 GB,7200RPM,"3.5""",1
Samsung 860 QVO 2 TB,48000,2 TB,SSD,"2.5""",1
Corsair MP600 Pro 2 TB,45000,2 TB,SSD,M.2-2280,1
SanDisk Ultra 1 TB,24700,1 TB,SSD,M.2-2280,1
Inland Performance 2 TB,48000,2 TB,SSD,M.2-2280,1
Hitachi Ultrastar He10 10 TB,80000,10 TB,7200RPM,"3.5""",1
Sabrent Rocket Q 1 TB,26500,1 TB,SSD,M.2-2280,1
Samsung 850 EVO-Series 1 TB,26500,1 TB,SSD,"2.5""",1
Western Digital RE 6 TB,44000,6 TB,7200RPM,"3.5""",1
Seagate Surveillance HDD 2 TB,20000,2 TB,5900RPM,"3.5""",1
ADATA XPG SX8200 Pro 512 GB,15000,512 GB,SSD,M.2-2280,1
Intel 660p 1 TB,27500,1 TB,SSD,M.2-2280,1
Sabrent Rocket 4 Plus 1 TB,27500,1 TB,SSD,M.2-2280,1
Samsung Spinpoint F3 EG 2 TB,45000,2 TB,5400RPM,"3.5""",1
Seagate EXOS Enterprise 8 TB,50000,8 TB,7200RPM,"3.5""",1
SanDisk SSD PLUS 1 TB,24700,1 TB,SSD,"2.5""",1
Seagate BarraCuda 120 2 TB,23000,2 TB,SSD,"2.5""",1
Western Digital Blue SN550 2 TB,23000,2 TB,SSD,M.2-2280,1
SanDisk EXTREME PRO 1 TB,24700,1 TB,SSD,M.2-2280,1
Seagate Momentus 7200.4 320 GB,1800,320 GB,7200RPM,"2.5""",1
Western Digital Caviar Green 1 TB,21000,1 TB,5400RPM,"3.5""",1
Silicon Power P34A80 1 TB,24700,1 TB,SSD,M.2-2280,1
Samsung 860 QVO 4 TB,75000,4 TB,SSD,"2.5""",1
Seagate FireCuda 520 1 TB,32000,1 TB,SSD,M.2-2280,1
Samsung 970 Pro 512 GB,14000,512 GB,SSD,M.2-2280,1
Toshiba XG5 256 GB,12000,256 GB,SSD,M.2-2280,1
Crucial BX500 480 GB,12000,480 GB,SSD,"2.5""",1
Seagate BarraCuda 510 500 GB,12000,500 GB,SSD,M.2-2280,1
Toshiba MK3259GSXP 320 GB,47500,320 GB,5400RPM,"2.5""",1
Samsung 870 QVO 4 TB,75000,4 TB,SSD,"2.5""",1
Seagate Exos X16 16 TB,68000,16 TB,7200RPM,"3.5""",1
Western Digital Caviar Blue 640 GB,8000,640 GB,7200RPM,"3.5""",1
Team GX2 1 TB,24700,1 TB,SSD,"2.5""",1
Intel 660p Series 1.02 TB,27500,1.02 TB,SSD,M.2-2280,1
Crucial BX500 240 GB,6500,240 GB,SSD,"2.5""",1
Silicon Power US70 1 TB,24700,1 TB,SSD,M.2-2280,1
Corsair MP600 PRO XT 2 TB,47000,2 TB,SSD,M.2-2280,1
Western Digital Caviar Black 2 TB,18000,2 TB,7200RPM,"3.5""",1
Samsung Spinpoint F2 EG 1.5 TB,38000,1.5 TB,5400RPM,"3.5""",1
PNY XLR8 CS03040 2 TB,48000,2 TB,SSD,M.2-2280,1
Seagate Barracuda 250 GB,2000,250 GB,7200RPM,"3.5""",1
Seagate FireCuda 520 500 GB,17000,500 GB,SSD,M.2-2280,1
Team T-Force VULCAN 1 TB,24700,1 TB,SSD,"2.5""",1
Samsung 860 QVO 1 TB,26500,1 TB,SSD,"2.5""",1
Patriot P300 512 GB,14000,512 GB,SSD,M.2-2280,1
Seagate FireCuda 120 2 TB,69000,2 TB,SSD,"2.5""",1
Western Digital Black 500 GB,7000,500 GB,7200RPM,"2.5""",1
Team T-Create Classic 1 TB,24700,1 TB,SSD,M.2-2280,1
Inland Premium 512 GB,14000,512 GB,SSD,M.2-2280,1
ADATA XPG 8100 4 TB,84000,4 TB,SSD,M.2-2280,1
Western Digital Red 1 TB,18000,1 TB,5400RPM,"2.5""",1
Hitachi HGST Ultrastar 2 TB,48000,2 TB,7200RPM,"3.5""",1
Western Digital Blue 6 TB,62000,6 TB,5400RPM,"3.5""",1
Seagate Desktop HDD 4 TB,40000,4 TB,5900RPM,"3.5""",1
Western Digital WD Blue 1 TB,21000,1 TB,5400RPM,"2.5""",1
Western Digital BLACK SERIES 1 TB,28000,1 TB,7200RPM,"3.5""",1
Corsair MP510 960 GB,18000,960 GB,SSD,M.2-2280,1
Toshiba X300 10 TB,47500,10 TB,7200RPM,"3.5""",1
Crucial P5 Plus 500 GB,12500,500 GB,SSD,M.2-2280,1
ADATA XPG GAMMIX S11 Pro 1 TB,24000,1 TB,SSD,M.2-2280,1
Western Digital WD Green 2 TB,29000,2 TB,5400RPM,"3.5""",1
Western Digital Black 8 TB,64000,8 TB,7200RPM,"3.5""",1
Seagate Barracuda 6 TB,38000,6 TB,5400RPM,"3.5""",1
Seagate Enterprise Capacity 10 TB,66000,10 TB,7200RPM,"3.5""",1
Corsair MP400 4 TB,79000,4 TB,SSD,M.2-2280,1
Western Digital WD Red Plus 4 TB,22000,4 TB,5400RPM,"3.5""",1
Toshiba P300 3 TB,21000,3 TB,7200RPM,"3.5""",1
Intel 670p 1 TB,27500,1 TB,SSD,M.2-2280,1
Inland Premium 256 GB,9200,256 GB,SSD,M.2-2280,1
Sabrent Rocket 4 Plus 2 TB,48000,2 TB,SSD,M.2-2280,1
Sabrent Rocket 1 TB,27500,1 TB,SSD,M.2-2242,1
Kingston A400 120 GB,2500,120 GB,SSD,"2.5""",1
Samsung 970 Evo Plus 250 GB,6700,250 GB,SSD,M.2-2280,1
Western Digital WD Blue 320 GB,4000,320 GB,5400RPM,"2.5""",1
SK hynix Gold P31 500 GB,17000,500 GB,SSD,M.2-2280,0
Toshiba X300 6 TB,35000,6 TB,7200RPM,"3.5""",0
Team MP33 128 GB,24700,128 GB,SSD,M.2-2280,0
PNY XLR8 CS03040 1 TB,27500,1 TB,SSD,M.2-2280,0
Seagate BarraCuda Pro 4 TB,40000,4 TB,7200RPM,"3.5""",0
Western Digital Gold 16 TB,80000,16 TB,7200RPM,"3.5""",0
Acer SA100 480 GB,16500,480 GB,SSD,"2.5""",0
ADATA XPG SX6000 Pro 1 TB,22500,1 TB,SSD,M.2-2280,0
Seagate Constellation ES.3 3 TB,34000,3 TB,7200RPM,"3.5""",0
Team EX2 1 TB,24700,1 TB,SSD,"2.5""",0
Samsung 960 PRO 512 GB,14000,512 GB,SSD,M.2-2280,0
SanDisk Ultra 3D 2 TB,45000,2 TB,SSD,"2.5""",0
SanDisk Z400s 256 GB,9200,256 GB,SSD,"2.5""",0
Toshiba MG06ACA800E 8 TB,47500,8 TB,7200RPM,"3.5""",0
Western Digital Red Pro 10 TB,57500,10 TB,7200RPM,"3.5""",0
PNY CS1311 960 GB,24000,960 GB,SSD,"2.5""",0
Western Digital Blue 250 GB,3500,250 GB,SSD,"2.5""",0
Kingston A400 240 GB,4700,240 GB,SSD,"2.5""",0
Toshiba MD04ACA500 5 TB,47500,5 TB,7200RPM,"3.5""",0
Inland Professional 256 GB,9200,256 GB,SSD,M.2-2280,0
PNY CS2130 2 TB,48000,2 TB,SSD,M.2-2280,0
Western Digital WD Red Plus 8 TB,39000,8 TB,7200RPM,"3.5""",0
PNY XLR8 CS3030 1 TB,27500,1 TB,SSD,M.2-2280,0
Samsung 850 EVO 4 TB,75000,4 TB,SSD,"2.5""",0
SanDisk Ultra 3D 1 TB,24700,1 TB,SSD,"2.5""",0
HP EX900 500 GB,16500,500 GB,SSD,M.2-2280,0
Seagate BarraCuda Pro 6 TB,50000,6 TB,7200RPM,"3.5""",0
Samsung XP941 Series 256 GB,9200,256 GB,SSD,M.2-2280,0
Seagate IronWolf Pro 12 TB,50000,12 TB,7200RPM,"3.5""",0
ADATA SU800 2 TB,44000,2 TB,SSD,"2.5""",0
Sabrent Rocket Q4 2 TB,48000,2 TB,SSD,M.2-2280,0
Team CARDEA A440 1 TB,24700,1 TB,SSD,M.2-2280,0
Toshiba MG07ACA12TE 12 TB,47500,12 TB,7200RPM,"3.5""",0
Western Digital WD_BLACK SN750 SE 500 GB,14000,500 GB,SSD,M.2-2280,0
Team T-FORCE DELTA RGB 1 TB,24700,1 TB,SSD,"2.5""",0
Seagate BarraCuda 120 1 TB,12000,1 TB,SSD,"2.5""",0
Kingston UV500 240 GB,3500,240 GB,SSD,"2.5""",0
Hitachi Deskstar 7K2000 2 TB,48000,2 TB,7200RPM,"3.5""",0
Western Digital Gold 4 TB,35000,4 TB,7200RPM,"3.5""",0
ADATA XPG GAMMIX S50 Lite 1 TB,22000,1 TB,SSD,M.2-2280,0
Western Digital Red 3 TB,26700,3 TB,5400RPM,"3.5""",0
Western Digital WD_BLACK SN750 250 GB,3500,250 GB,SSD,M.2-2280,0
Western Digital AV-GP 4 TB,32000,4 TB,5400RPM,"3.5""",0
Seagate EXOS Enterprise 14 TB,73000,14 TB,7200RPM,"3.5""",0
Western Digital WD Blue 500 GB,9000,500 GB,5400RPM,"2.5""",0
Seagate Momentus SpinPoint 2 TB,19000,2 TB,5400RPM,"2.5""",0
Western Digital Caviar Black 1 TB,8000,1 TB,7200RPM,"3.5""",0
Crucial P5 500 GB,13400,500 GB,SSD,M.2-2280,0
Samsung Spinpoint M8 1 TB,24700,1 TB,5400RPM,"2.5""",0
Intel 730 Series 480 GB,12700,480 GB,SSD,"2.5""",0
Toshiba DT01ACA100 1 TB,29000,1 TB,7200RPM,"3.5""",0
Sabrent Rocket 2 TB,48000,2 TB,SSD,M.2-2242,0
Western Digital Black 5 TB,30000,5 TB,7200RPM,"3.5""",0
Team MS30 256 GB,12000,256 GB,SSD,M.2-2242,0
Hitachi 0J11561 500 GB,16500,500 GB,5400RPM,"2.5""",0
Team T-Force Vulcan G 1 TB,24700,1 TB,SSD,"2.5""",0
Intel 660p Series 2.048 TB,43000,2.048 TB,SSD,M.2-2280,0
Seagate FireCuda 530 2 TB,59000,2 TB,SSD,M.2-2280,0
Patriot Viper Gaming VP4100 1 TB,27500,1 TB,SSD,M.2-2280,0
Western Digital AV 320 GB,47500,320 GB,7200RPM,"3.5""",0
Western Digital AV-GP 1 TB,18000,1 TB,7200RPM,"3.5""",0
Team T-Force Cardea Zero Z330 1 TB,24700,1 TB,SSD,M.2-2280,0
Western Digital Blue Mobile 1 TB,11000,1 TB,5400RPM,"2.5""",0
Seagate BarraCuda 510 1 TB,16000,1 TB,SSD,M.2-2280,0
Hitachi Deskstar 320 GB,9000,320 GB,7200RPM,"3.5""",0
Seagate BarraCuda Q5 500 GB,17000,500 GB,SSD,M.2-2280,0
Western Digital WD Black 4 TB,30000,4 TB,7200RPM,"3.5""",0
Western Digital BLACK SERIES 3 TB,60000,3 TB,7200RPM,"3.5""",0
Western Digital Red Pro 4 TB,38000,4 TB,7200RPM,"3.5""",0
Team CX2 2 TB,24700,2 TB,SSD,"2.5""",0
Western Digital Red Pro 2 TB,22000,2 TB,7200RPM,"3.5""",0
Sabrent Rocket 4.0 500 GB,17500,500 GB,SSD,M.2-2280,0
Seagate BarraCuda Q5 2 TB,17000,2 TB,SSD,M.2-2280,0
Toshiba DT01ACA300 3 TB,20000,3 TB,7200RPM,"3.5""",0
Inland 2TB QLC NVME 2 TB,48000,2 TB,SSD,M.2-2280,0
Hitachi Ultrastar 1 TB,27500,1 TB,7200RPM,"3.5""",0
Silicon Power A55 128 GB,1000,128 GB,SSD,M.2-2280,0
PNY XLR8 CS3030 250 GB,3500,250 GB,SSD,M.2-2280,0
PNY XLR8 CS3030 500 GB,13000,500 GB,SSD,M.2-2280,0
Western Digital Red Pro 8 TB,56000,8 TB,7200RPM,"3.5""",0
Western Digital Red 2 TB,20500,2 TB,5400RPM,"3.5""",0
Samsung 960 EVO 1 TB,26500,1 TB,SSD,M.2-2280,0
Team MS30 1 TB,24700,1 TB,SSD,M.2-2280,0
Samsung 870 Evo 250 GB,6000,250 GB,SSD,"2.5""",0
Western Digital WD Red Plus 14 TB,61500,14 TB,7200RPM,"3.5""",0
Kingston A400 960 GB,24500,960 GB,SSD,"2.5""",0
ADATA XPG GAMMIX S11 Pro 2 TB,45000,2 TB,SSD,M.2-2280,0
Corsair MP600 Force Series Gen4 500 GB,13000,500 GB,SSD,M.2-2280,0
Western Digital Black NVMe 1 TB,28000,1 TB,SSD,M.2-2280,0
Western Digital AV-GP 2 TB,24500,2 TB,5400RPM,"3.5""",0
Seagate Archive 8 TB,80000,8 TB,5900RPM,"3.5""",0
ADATA Swordfish 500 GB,17000,500 GB,SSD,M.2-2280,0
HP EX950 2 TB,48000,2 TB,SSD,M.2-2280,0
Crucial P1 2 TB,35000,2 TB,SSD,M.2-2280,0
Samsung 850 EVO 250 GB,7500,250 GB,SSD,M.2-2280,0
Seagate IronWolf NAS 3 TB,24500,3 TB,5900RPM,"3.5""",0
Samsung 960 EVO 250 GB,7000,250 GB,SSD,M.2-2280,0
Team GX1 960 GB,24700,960 GB,SSD,"2.5""",0
Samsung 960 EVO 500 GB,18500,500 GB,SSD,M.2-2280,0
ADATA XPG SPECTRIX S40G RGB 1 TB,23500,1 TB,SSD,M.2-2280,0
Samsung 860 Pro 1 TB,26500,1 TB,SSD,"2.5""",0
ADATA XPG SPECTRIX S40G RGB 256 GB,8600,256 GB,SSD,M.2-2280,0
Western Digital Blue Mobile 2 TB,20000,2 TB,5400RPM,"2.5""",0
Inland 480 GB SSD 480 GB,13000,480 GB,SSD,"2.5""",0
Seagate Exos X16 12 TB,56000,12 TB,7200RPM,"3.5""",0
Seagate Enterprise NAS 5 TB,43000,5 TB,7200RPM,"3.5""",0
Crucial P5 2 TB,43000,2 TB,SSD,M.2-2280,0
Gigabyte AORUS NVMe Gen4 1 TB,27500,1 TB,SSD,M.2-2280,0
Samsung 860 Pro 256 GB,9200,256 GB,SSD,"2.5""",0
Corsair Force LE 240 GB,8600,240 GB,SSD,"2.5""",0
Seagate FireCuda 520 2 TB,59000,2 TB,SSD,M.2-2280,0
Hitachi 0F14683 4 TB,78000,4 TB,7200RPM,"3.5""",0
Seagate IronWolf NAS 2 TB,15000,2 TB,5900RPM,"3.5""",0
Western Digital Gold 2 TB,25000,2 TB,7200RPM,"3.5""",0
Gigabyte GP-GSM2NE8512GNTD 512 GB,14000,512 GB,SSD,M.2-2280,0
SanDisk SSD Plus 2 TB,45000,2 TB,SSD,"2.5""",0
ADATA SU635 240 GB,7000,240 GB,SSD,"2.5""",0
Toshiba N300 6 TB,47500,6 TB,7200RPM,"3.5""",0
Seagate BarraCuda 120 500 GB,17000,500 GB,SSD,"2.5""",0
Samsung 870 Evo 4 TB,75000,4 TB,SSD,"2.5""",0
Intel 665p 1 TB,27500,1 TB,SSD,M.2-2280,0
Crucial M500 960 GB,18500,960 GB,SSD,"2.5""",0
Seagate Nytro Enterprise 3.84 TB,40000,3.84 TB,SSD,"2.5""",0
Kingston SSDNow E100 400 GB,4800,400 GB,SSD,"2.5""",0
Samsung 860 Evo 250 GB,6800,250 GB,SSD,M.2-2280,0
Sabrent Rocket Q4 4 TB,78000,4 TB,SSD,M.2-2280,0
Western Digital Gold 12 TB,36000,12 TB,7200RPM,"3.5""",0
Toshiba MK5056GSY 500 GB,17000,500 GB,7200RPM,"2.5""",0
Inland 1TBM 1 TB,27500,1 TB,SSD,"2.5""",0
Hitachi Deskstar 1 TB,27500,1 TB,7200RPM,"3.5""",0
Patriot Burst 240 GB,6000,240 GB,SSD,"2.5""",0
Seagate FireCuda 120 4 TB,92000,4 TB,SSD,"2.5""",0
ADATA XPG SPECTRIX S40G RGB 512 GB,15500,512 GB,SSD,M.2-2280,0
Seagate Barracuda 7200.12 500 GB,17000,500 GB,7200RPM,"3.5""",0
Kingston KC600 256 GB,9200,256 GB,SSD,"2.5""",0
Seagate IronWolf Pro 6 TB,33000,6 TB,7200RPM,"3.5""",0
Seagate Constellation ES 2 TB,25000,2 TB,7200RPM,"3.5""",0
Western Digital Scorpio Black 320 GB,3000,320 GB,7200RPM,"2.5""",0
OCZ TRION 150 960 GB,23000,960 GB,SSD,"2.5""",0
Gigabyte UD PRO 512 GB,14000,512 GB,SSD,"2.5""",0
PNY CS900 500 GB,13000,500 GB,SSD,"2.5""",0
Inland Professional 120 GB,3500,120 GB,SSD,"2.5""",0
Kingston SSDNow UV400 240 GB,3300,240 GB,SSD,"2.5""",0
Team MS30 512 GB,15000,512 GB,SSD,M.2-2242,0
Seagate Momentus LP 1 TB,10000,1 TB,5400RPM,"2.5""",0
Seagate BarraCuda Pro 8 TB,63000,8 TB,7200RPM,"3.5""",0
PNY CS900 250 GB,4000,250 GB,SSD,"2.5""",0
Western Digital Red 14 TB,62000,14 TB,5400RPM,"3.5""",0
Silicon Power Ace A55 256 GB,6800,256 GB,SSD,"2.5""",0
PNY CS900 120 GB,2200,120 GB,SSD,"2.5""",0
Gigabyte GP-GSTFS31240GNTD 240 GB,4800,240 GB,SSD,"2.5""",0
Kingston KC2500 1 TB,27500,1 TB,SSD,M.2-2280,0
Seagate EXOS Enterprise X18 18 TB,92000,18 TB,7200RPM,"3.5""",0
Toshiba MD03ACA-V 3 TB,21000,3 TB,7200RPM,"3.5""",0
Western Digital BLACK SERIES 4 TB,74000,4 TB,7200RPM,"3.5""",0
Team MP34 1 TB,24700,1 TB,SSD,M.2-2280,0
SanDisk SSD PLUS 240 GB,5000,240 GB,SSD,"2.5""",0
Team MP33 256 GB,12000,256 GB,SSD,M.2-2280,0
Corsair MP510 480 GB,13000,480 GB,SSD,M.2-2280,0
Seagate IronWolf NAS 10 TB,73000,10 TB,7200RPM,"3.5""",0
Hitachi Ultrastar 7K3000 3 TB,25000,3 TB,7200RPM,"3.5""",0
Seagate Momentus 7200.4 250 GB,1800,250 GB,7200RPM,"2.5""",0
Samsung 860 Pro 512 GB,14000,512 GB,SSD,"2.5""",0
Crucial M4 512 GB,13500,512 GB,SSD,"2.5""",0
Toshiba DT01ACA200 2 TB,29000,2 TB,7200RPM,"3.5""",0
Sabrent Rocket HTSK 4.0 2 TB,48000,2 TB,SSD,M.2-2280,0
Western Digital Green 480 GB,6500,480 GB,SSD,"2.5""",0
ADATA SU635 480 GB,13000,480 GB,SSD,"2.5""",0
SanDisk Ultra 3D 500 GB,17000,500 GB,SSD,"2.5""",0
Team CARDEA ZERO Z440 1 TB,24700,1 TB,SSD,M.2-2280,0
ADATA XPG SPECTRIX S40G RGB 2 TB,46500,2 TB,SSD,M.2-2280,0
ADATA Swordfish 250 GB,10500,250 GB,SSD,M.2-2280,0
Samsung 870 QVO 8 TB,120000,8 TB,SSD,"2.5""",0
ADATA Ultimate SU800 1 TB,24000,1 TB,SSD,"2.5""",0
Seagate IronWolf Pro 16 TB,61000,16 TB,7200RPM,"3.5""",0
Western Digital Blue SN500 500 GB,5000,500 GB,SSD,M.2-2280,0
Corsair MP300 960 GB,21000,960 GB,SSD,M.2-2280,0
Seagate IronWolf NAS 1 TB,12000,1 TB,5900RPM,"3.5""",0
Gigabyte AORUS Gen4 7000s 2 TB,39500,2 TB,SSD,M.2-2280,0
Pioneer APS-SE20G 2 TB,48000,2 TB,SSD,M.2-2280,0
Seagate BarraCuda 5 TB,53000,5 TB,5400RPM,"2.5""",0
Samsung 840 EVO 500 GB,16500,500 GB,SSD,"2.5""",0
ADATA Premier SP550 240 GB,6200,240 GB,SSD,"2.5""",0
Toshiba DT01ACA200 2 TB,47500,2 TB,7200RPM,"3.5""",0
Samsung 850 EVO 1 TB,26500,1 TB,SSD,mSATA,0
Mushkin Enhanced RAW 1 TB,27500,1 TB,SSD,"2.5""",0
Team CX2 512 GB,15000,512 GB,SSD,"2.5""",0
ADATA XPG GAMMIX S7 2 TB,45000,2 TB,SSD,M.2-2280,0
ADATA XPG SPECTRIX S40G RGB 512 GB,14500,512 GB,SSD,M.2-2280,0
Seagate Pipeline HD 500 GB,17000,500 GB,5900RPM,"3.5""",0
Corsair MP600 Core 4 TB,75000,4 TB,SSD,M.2-2280,0
Team CX2 1 TB,24700,1 TB,SSD,"2.5""",0
Inland Platinum 4 TB,78000,4 TB,SSD,M.2-2280,0
Western Digital Gold 10 TB,48000,10 TB,7200RPM,"3.5""",0
Toshiba X300 8 TB,38000,8 TB,7200RPM,"3.5""",0
Western Digital Purple 10 TB,50000,10 TB,7200RPM,"3.5""",0
Seagate IronWolf Pro 10 TB,44000,10 TB,7200RPM,"3.5""",0
PNY CS2130 1 TB,27500,1 TB,SSD,M.2-2280,0
Hitachi Deskstar 7K4000 4 TB,78000,4 TB,7200RPM,"3.5""",0
Seagate IronWolf NAS 6 TB,33000,6 TB,7200RPM,"3.5""",0
Western Digital Black 512 GB,7200,512 GB,SSD,M.2-2280,0
SanDisk SSD PLUS 120 GB,2000,120 GB,SSD,"2.5""",0
Western Digital Red 6 TB,40000,6 TB,5400RPM,"3.5""",0
Western Digital Caviar Green 1.5 TB,15000,1.5 TB,5400RPM,"3.5""",0
Corsair MP510 1.92 TB,38500,1.92 TB,SSD,M.2-2280,0
Western Digital VelociRaptor 300 GB,5000,300 GB,10000RPM,"2.5""",0
Toshiba P300 2 TB,47500,2 TB,7200RPM,"3.5""",0
Team AX2 1 TB,24700,1 TB,SSD,"2.5""",0
Samsung 960 Pro 1 TB,26500,1 TB,SSD,M.2-2280,0
Addlink S70 1 TB,23500,1 TB,SSD,M.2-2280,0
Silicon Power UD70 2 TB,24700,2 TB,SSD,M.2-2280,0
Team AX2 512 GB,15000,512 GB,SSD,"2.5""",0
HP EX920 1 TB,27500,1 TB,SSD,M.2-2280,0
Kingston SSDNow V300 Series 120 GB,1800,120 GB,SSD,"2.5""",0
Western Digital BLACK SERIES 750 GB,20000,750 GB,7200RPM,"2.5""",0
Seagate Enterprise Capacity 3 TB,27000,3 TB,7200RPM,"3.5""",0
Team L5 LITE 3D 480 GB,24700,480 GB,SSD,"2.5""",0
ADATA XPG SX8000 256 GB,10000,256 GB,SSD,M.2-2280,0
Intel 600p Series 1 TB,27500,1 TB,SSD,M.2-2280,0
Silicon Power A55 1 TB,15000,1 TB,SSD,"2.5""",0
Intenso Top Performance 256 GB,9200,256 GB,SSD,M.2-2280,0
Intel 760p Series 1 TB,27500,1 TB,SSD,M.2-2280,0
Crucial MX300 750 GB,15000,750 GB,SSD,"2.5""",0
Gigabyte AORUS Gen4 500 GB,16500,500 GB,SSD,M.2-2280,0
Silicon Power P34A60 512 GB,12800,512 GB,SSD,M.2-2280,0
Seagate EXOS Enterprise 16 TB,80000,16 TB,7200RPM,"3.5""",0
Seagate FireCuda Compute 2 TB,59000,2 TB,Hybrid,"2.5""",0
PNY CS900 240 GB,3800,240 GB,SSD,"2.5""",0
Western Digital WD Red Plus 8 TB,60000,8 TB,7200RPM,"3.5""",0
Team GX2 512 GB,15000,512 GB,SSD,"2.5""",0
Silicon Power A80 2 TB,37000,2 TB,SSD,M.2-2280,0
Intel 320 Series 40 GB,1200,40 GB,SSD,"2.5""",0
Micron 1100 2 TB,48000,2 TB,SSD,"2.5""",0
Western Digital Caviar Green 3 TB,20000,3 TB,5400RPM,"3.5""",0
Hitachi Ultrastar 7K4000 2 TB,48000,2 TB,7200RPM,"3.5""",0
PNY CS900 1 TB,27500,1 TB,SSD,"2.5""",0
Toshiba XG5 512 GB,8000,512 GB,SSD,M.2-2280,0
Western Digital RE4 1 TB,18000,1 TB,7200RPM,"3.5""",0
Hitachi Deskstar 3 TB,60000,3 TB,7200RPM,"3.5""",0
Gigabyte AORUS Gen4 7000s 1 TB,23500,1 TB,SSD,M.2-2280,0
Samsung Data Center 960 GB,26000,960 GB,SSD,"2.5""",0
SanDisk Ultra II 960 GB,26000,960 GB,SSD,"2.5""",0
XPG GAMMIX S10 512 GB,13700,512 GB,SSD,M.2-2280,0
Samsung 860 Pro 4 TB,75000,4 TB,SSD,"2.5""",0
Sabrent Rocket 256 GB,9200,256 GB,SSD,M.2-2280,0
Silicon Power P34A80 512 GB,12800,512 GB,SSD,M.2-2280,0
Samsung Spinpoint F3 750 GB,24000,750 GB,7200RPM,"3.5""",0
Seagate IronWolf Pro 8 TB,36000,8 TB,7200RPM,"3.5""",0
ADATA Ultimate SU800 256 GB,16000,256 GB,SSD,"2.5""",0
Mushkin ECO3 240 GB,4000,240 GB,SSD,"2.5""",0
Silicon Power Slim S55 240 GB,24700,240 GB,SSD,"2.5""",0
Toshiba XG5 1 TB,18000,1 TB,SSD,M.2-2280,0
SanDisk X400 256 GB,9200,256 GB,SSD,"2.5""",0
Samsung SM961 1 TB,24700,1 TB,SSD,M.2-2280,0
Western Digital Gold 6 TB,42000,6 TB,7200RPM,"3.5""",0
Toshiba Product Series:MG03ACA 2 TB,29000,2 TB,7200RPM,"3.5""",0
ADATA Swordfish 1 TB,28000,1 TB,SSD,M.2-2280,0
Samsung 840 Pro Series 512 GB,14000,512 GB,SSD,"2.5""",0
Samsung 850 Pro Series 512 GB,14000,512 GB,SSD,"2.5""",0
Seagate Barracuda Compute 6 TB,50000,6 TB,5400RPM,"3.5""",0
Samsung Spinpoint F3 500 GB,18500,500 GB,7200RPM,"3.5""",0
Western Digital Scorpio Black 160 GB,1700,160 GB,7200RPM,"2.5""",0
Intel 530 Series 120 GB,2000,120 GB,SSD,"2.5""",0
Seagate Barracuda XT 3 TB,20000,3 TB,7200RPM,"3.5""",0
Sabrent Rocket Q 4 TB,78000,4 TB,SSD,M.2-2280,0
Sabrent Rocket HTSK 4.0 1 TB,26500,1 TB,SSD,M.2-2280,0
Toshiba HDETR11 4 TB,32000,4 TB,7200RPM,"3.5""",0
ADATA XPG SX6000 128 GB,5700,128 GB,SSD,M.2-2280,0
Western Digital SN520 512 GB,8400,512 GB,SSD,M.2-2280,0
Samsung PM981 256 GB,9200,256 GB,SSD,M.2-2280,0
Seagate EXOS Enterprise 4 TB,30000,4 TB,7200RPM,"3.5""",0
Seagate SkyHawk 2 TB,24000,2 TB,5900RPM,"3.5""",0
Western Digital WD Green 1 TB,17000,1 TB,5400RPM,"3.5""",0
SanDisk EXTREME PRO 500 GB,17000,500 GB,SSD,M.2-2280,0
Samsung 850 EVO 500 GB,16500,500 GB,SSD,M.2-2280,0
Team T-Force Cardea 1 TB,24700,1 TB,SSD,M.2-2280,0
Seagate Constellation ES.3 1 TB,34000,1 TB,7200RPM,"3.5""",0
PNY XLR8 CS3030 2 TB,48000,2 TB,SSD,M.2-2280,0
Samsung XP941 Series 512 GB,14000,512 GB,SSD,M.2-2280,0
Western Digital Green 120 GB,1900,120 GB,SSD,"2.5""",0
ADATA XPG GAMMIX S11 Pro 512 GB,15000,512 GB,SSD,M.2-2280,0
Western Digital Caviar Green 500 GB,14000,500 GB,5400RPM,"3.5""",0
Crucial M500 240 GB,7000,240 GB,SSD,"2.5""",0
Silicon Power P34A60 512 GB,14000,512 GB,SSD,M.2-2280,0
Seagate IronWolf 6 TB,30000,6 TB,7200RPM,"3.5""",0
Samsung 850 EVO 2 TB,48000,2 TB,SSD,"2.5""",0
Western Digital Red 8 TB,45000,8 TB,5400RPM,"3.5""",0
Samsung 860 Pro 2 TB,48000,2 TB,SSD,"2.5""",0
Hitachi Deskstar 2 TB,48000,2 TB,7200RPM,"3.5""",0
ADATA Falcon 1 TB,27000,1 TB,SSD,M.2-2280,0
ADATA XPG SPECTRIX S40G RGB 4 TB,80000,4 TB,SSD,M.2-2280,0
Mushkin Pilot-E 1 TB,27500,1 TB,SSD,M.2-2280,0
Seagate Momentus 1 TB,10000,1 TB,5400RPM,"2.5""",0
Hitachi Deskstar 250 GB,6000,250 GB,7200RPM,"3.5""",0
Seagate Exos X14 14 TB,64000,14 TB,7200RPM,"3.5""",0
Addlink X70 1 TB,23500,1 TB,SSD,M.2-2280,0
Toshiba Product Series:DT01ACA 1 TB,24000,1 TB,7200RPM,"3.5""",0
Silicon Power A80 512 GB,14000,512 GB,SSD,M.2-2280,0
ADATA Ultimate SU800 128 GB,10000,128 GB,SSD,"2.5""",0
Hitachi Ultrastar A7K2000 1 TB,27500,1 TB,7200RPM,"3.5""",0
Western Digital WD SE 4 TB,38000,4 TB,7200RPM,"3.5""",0
Seagate IronWolf Pro 14 TB,56000,14 TB,7200RPM,"3.5""",0
Western Digital Caviar Black 500 GB,4000,500 GB,7200RPM,"3.5""",0
Samsung Spinpoint F3 1 TB,24700,1 TB,7200RPM,"3.5""",0
Corsair MP400 8 TB,145000,8 TB,SSD,M.2-2280,0
Sabrent Rocket Q4 1 TB,26500,1 TB,SSD,M.2-2280,0
Toshiba N300 4 TB,32000,4 TB,7200RPM,"3.5""",0
Corsair MP400 1 TB,22000,1 TB,SSD,M.2-2280,0
ADATA Swordfish 2 TB,46000,2 TB,SSD,M.2-2280,0
Silicon Power US70 2 TB,24700,2 TB,SSD,M.2-2280,0
Samsung 980 250 GB,4800,250 GB,SSD,M.2-2280,0
Seagate Constellation ES.2 3 TB,26500,3 TB,7200RPM,"3.5""",0
Seagate Pipeline HD 2 TB,24000,2 TB,5900RPM,"3.5""",0
Western Digital Green 2 TB,26000,2 TB,5900RPM,"2.5""",0
Seagate IronWolf NAS 12 TB,80000,12 TB,7200RPM,"3.5""",0
HP EX920 512 GB,14000,512 GB,SSD,M.2-2280,0
Seagate Exos X14 12 TB,58000,12 TB,7200RPM,"3.5""",0
Intel 330 Series 120 GB,2000,120 GB,SSD,"2.5""",0
Toshiba DT01ACA050 500 GB,17000,500 GB,7200RPM,"3.5""",0
Inland Professional 512 GB,14000,512 GB,SSD,M.2-2280,0
Samsung Spinpoint MP4 500 GB,18500,500 GB,7200RPM,"2.5""",0
Seagate Constellation.2 1 TB,21000,1 TB,7200RPM,"2.5""",0
Patriot VPN100 2 TB,48000,2 TB,SSD,M.2-2280,0
Toshiba S300 10 TB,47500,10 TB,7200RPM,"3.5""",0
Seagate SkyHawk 4 TB,40000,4 TB,5900RPM,"3.5""",0
ADATA XPG SX8200 Pro 256 GB,8900,256 GB,SSD,M.2-2280,0
Inland 349365 240 GB,8000,240 GB,SSD,"2.5""",0
TCSunBow X3 1 TB,24700,1 TB,SSD,"2.5""",0